<?xml version="1.0" encoding="utf-8"?>
<!--
Example for entry prohibited of specific vehicles (with load characteristics), in case of a roadwork.
 -->
<ns:d2LogicalModel modelBaseVersion="2" xmlns:d2p1="http://www.w3.org/2001/XMLSchema-instance" xmlns:ns="http://datex2.eu/schema/2/2_0" d2p1:schemaLocation="http://datex2.eu/schema/2/2_0 ../AustrianPlannedEventsProfile.xsd">
  <ns:exchange>
    <ns:supplierIdentification>
      <ns:country>at</ns:country>
      <ns:nationalIdentifier>ASFINAG</ns:nationalIdentifier>
    </ns:supplierIdentification>
  </ns:exchange>
  <ns:payloadPublication d2p1:type="ns:SituationPublication" lang="de-at">
    <ns:publicationTime>2018-07-06T10:51:56+02:00</ns:publicationTime>
    <ns:publicationCreator>
      <ns:country>at</ns:country>
      <ns:nationalIdentifier>ASFINAG</ns:nationalIdentifier>
    </ns:publicationCreator>
    <ns:payloadPublicationExtension>
      <ns:payloadPublicationExtended>
        <ns:languageInfo>
          <ns:mainLanguage>de-at</ns:mainLanguage>
          <ns:translation>en</ns:translation>
        </ns:languageInfo>
      </ns:payloadPublicationExtended>
    </ns:payloadPublicationExtension>
    <ns:situation id="GUID-99999453929" version="1">
      <ns:headerInformation>
        <ns:confidentiality>noRestriction</ns:confidentiality>
        <ns:informationStatus>real</ns:informationStatus>
      </ns:headerInformation>
      <!--Situation record with road maintenance work-->
      <ns:situationRecord d2p1:type="ns:MaintenanceWorks" id="GUID-99999999" version="1">
        <ns:situationRecordCreationTime>2018-07-06T10:51:56+02:00</ns:situationRecordCreationTime>
        <ns:situationRecordVersionTime>2018-07-06T10:51:56+02:00</ns:situationRecordVersionTime>
        <ns:probabilityOfOccurrence>certain</ns:probabilityOfOccurrence>
        <ns:source>
          <ns:sourceCountry>at</ns:sourceCountry>
          <ns:sourceIdentification>ASFINAG</ns:sourceIdentification>
          <ns:sourceName>
            <ns:values>
              <ns:value lang="de-at">ASFINAG</ns:value>
            </ns:values>
          </ns:sourceName>
        </ns:source>
        <ns:validity>
          <ns:validityStatus>definedByValidityTimeSpec</ns:validityStatus>
          <ns:validityTimeSpecification>
            <ns:overallStartTime>2018-07-15T06:00:00+02:00</ns:overallStartTime>
            <ns:overallEndTime>2018-07-15T21:00:00+02:00</ns:overallEndTime>
          </ns:validityTimeSpecification>
        </ns:validity>
        <ns:impact>
          <ns:numberOfLanesRestricted>1</ns:numberOfLanesRestricted>
          <ns:numberOfOperationalLanes>1</ns:numberOfOperationalLanes>
          <ns:originalNumberOfLanes>2</ns:originalNumberOfLanes>
          <ns:trafficConstrictionType>lanesBlocked</ns:trafficConstrictionType>
        </ns:impact>
        <ns:groupOfLocations d2p1:type="ns:Linear">
          <ns:supplementaryPositionalDescription>
            <ns:affectedCarriagewayAndLanes>
              <ns:carriageway>mainCarriageway</ns:carriageway>
              <ns:lane>lane1</ns:lane>
            </ns:affectedCarriagewayAndLanes>
          </ns:supplementaryPositionalDescription>
          <ns:alertCLinear d2p1:type="ns:AlertCMethod4Linear">
            <ns:alertCLocationCountryCode>10</ns:alertCLocationCountryCode>
            <ns:alertCLocationTableNumber>1</ns:alertCLocationTableNumber>
            <ns:alertCLocationTableVersion>3.1</ns:alertCLocationTableVersion>
            <ns:alertCDirection>
              <ns:alertCDirectionCoded>both</ns:alertCDirectionCoded>
            </ns:alertCDirection>
            <ns:alertCMethod4PrimaryPointLocation>
              <ns:alertCLocation>
                <ns:specificLocation>36322</ns:specificLocation>
              </ns:alertCLocation>
              <ns:offsetDistance>
                <ns:offsetDistance>2935</ns:offsetDistance>
              </ns:offsetDistance>
            </ns:alertCMethod4PrimaryPointLocation>
            <ns:alertCMethod4SecondaryPointLocation>
              <ns:alertCLocation>
                <ns:specificLocation>36320</ns:specificLocation>
              </ns:alertCLocation>
              <ns:offsetDistance>
                <ns:offsetDistance>367</ns:offsetDistance>
              </ns:offsetDistance>
            </ns:alertCMethod4SecondaryPointLocation>
          </ns:alertCLinear>
          <ns:linearExtension>
            <ns:extendedLinear>
              <ns:linearByCoordinates>
                <ns:roadNumber>A02</ns:roadNumber>
                <ns:start>
                  <ns:latitude>46.9176445</ns:latitude>
                  <ns:longitude>14.83863</ns:longitude>
                </ns:start>
                <ns:end>
                  <ns:latitude>46.8942833</ns:latitude>
                  <ns:longitude>14.8199921</ns:longitude>
                </ns:end>
              </ns:linearByCoordinates>
            </ns:extendedLinear>
            <ns:extendedLinearForGipLink>
              <ns:gipLinkLinearLocationReference version="201803" name="gipat_1612_linknetz_hotfix">
                <ns:gipLink index="1">
                  <ns:gipLink>
                    <ns:linkId>461006017</ns:linkId>
                    <ns:linkPercentageFrom>
                      <ns:percentageDistanceAlong>70.9</ns:percentageDistanceAlong>
                    </ns:linkPercentageFrom>
                    <ns:linkPercentageTo>
                      <ns:percentageDistanceAlong>100</ns:percentageDistanceAlong>
                    </ns:linkPercentageTo>
                    <ns:referenceDirection>fromTo</ns:referenceDirection>
                  </ns:gipLink>
                </ns:gipLink>
                <ns:gipLink index="2">
                  <ns:gipLink>
                    <ns:linkId>461006018</ns:linkId>
                    <ns:linkPercentageFrom>
                      <ns:percentageDistanceAlong>0.4</ns:percentageDistanceAlong>
                    </ns:linkPercentageFrom>
                    <ns:linkPercentageTo>
                      <ns:percentageDistanceAlong>98.7</ns:percentageDistanceAlong>
                    </ns:linkPercentageTo>
                    <ns:referenceDirection>fromTo</ns:referenceDirection>
                  </ns:gipLink>
                </ns:gipLink>
                <ns:gipLink index="3">
                  <ns:gipLink>
                    <ns:linkId>461006019</ns:linkId>
                    <ns:linkPercentageFrom>
                      <ns:percentageDistanceAlong>0.1</ns:percentageDistanceAlong>
                    </ns:linkPercentageFrom>
                    <ns:linkPercentageTo>
                      <ns:percentageDistanceAlong>6.4</ns:percentageDistanceAlong>
                    </ns:linkPercentageTo>
                    <ns:referenceDirection>fromTo</ns:referenceDirection>
                  </ns:gipLink>
                </ns:gipLink>
                <ns:gipLink index="4">
                  <ns:gipLink>
                    <ns:linkId>461006222</ns:linkId>
                    <ns:linkPercentageFrom>
                      <ns:percentageDistanceAlong>0.2</ns:percentageDistanceAlong>
                    </ns:linkPercentageFrom>
                    <ns:linkPercentageTo>
                      <ns:percentageDistanceAlong>100</ns:percentageDistanceAlong>
                    </ns:linkPercentageTo>
                    <ns:referenceDirection>toFrom</ns:referenceDirection>
                  </ns:gipLink>
                </ns:gipLink>
                <ns:gipLink index="5">
                  <ns:gipLink>
                    <ns:linkId>461019426</ns:linkId>
                    <ns:linkPercentageFrom>
                      <ns:percentageDistanceAlong>78.3</ns:percentageDistanceAlong>
                    </ns:linkPercentageFrom>
                    <ns:linkPercentageTo>
                      <ns:percentageDistanceAlong>100</ns:percentageDistanceAlong>
                    </ns:linkPercentageTo>
                    <ns:referenceDirection>toFrom</ns:referenceDirection>
                  </ns:gipLink>
                </ns:gipLink>
                <ns:gipLink index="6">
                  <ns:gipLink>
                    <ns:linkId>461019427</ns:linkId>
                    <ns:linkPercentageFrom>
                      <ns:percentageDistanceAlong>3.3</ns:percentageDistanceAlong>
                    </ns:linkPercentageFrom>
                    <ns:linkPercentageTo>
                      <ns:percentageDistanceAlong>100</ns:percentageDistanceAlong>
                    </ns:linkPercentageTo>
                    <ns:referenceDirection>toFrom</ns:referenceDirection>
                  </ns:gipLink>
                </ns:gipLink>
                <ns:gipLink index="7">
                  <ns:gipLink>
                    <ns:linkId>461019428</ns:linkId>
                    <ns:linkPercentageFrom>
                      <ns:percentageDistanceAlong>2.4</ns:percentageDistanceAlong>
                    </ns:linkPercentageFrom>
                    <ns:linkPercentageTo>
                      <ns:percentageDistanceAlong>100</ns:percentageDistanceAlong>
                    </ns:linkPercentageTo>
                    <ns:referenceDirection>toFrom</ns:referenceDirection>
                  </ns:gipLink>
                </ns:gipLink>
                <ns:gipLink index="8">
                  <ns:gipLink>
                    <ns:linkId>461019430</ns:linkId>
                    <ns:linkPercentageFrom>
                      <ns:percentageDistanceAlong>0.2</ns:percentageDistanceAlong>
                    </ns:linkPercentageFrom>
                    <ns:linkPercentageTo>
                      <ns:percentageDistanceAlong>2.7</ns:percentageDistanceAlong>
                    </ns:linkPercentageTo>
                    <ns:referenceDirection>toFrom</ns:referenceDirection>
                  </ns:gipLink>
                </ns:gipLink>
              </ns:gipLinkLinearLocationReference>
            </ns:extendedLinearForGipLink>
          </ns:linearExtension>
        </ns:groupOfLocations>
        <ns:roadMaintenanceType>resurfacingWork</ns:roadMaintenanceType>
      </ns:situationRecord>
      <!-- Entry prohibited for trucks whose width exceeds 2 meters-->
      <ns:situationRecord d2p1:type="ns:RoadOrCarriagewayOrLaneManagement" id="GUID-647398393" version="1">
        <ns:situationRecordCreationTime>2018-07-06T10:51:56+02:00</ns:situationRecordCreationTime>
        <ns:situationRecordVersionTime>2018-07-06T10:51:56+02:00</ns:situationRecordVersionTime>
        <ns:probabilityOfOccurrence>certain</ns:probabilityOfOccurrence>
        <ns:source>
          <ns:sourceCountry>at</ns:sourceCountry>
          <ns:sourceIdentification>ASFINAG</ns:sourceIdentification>
          <ns:sourceName>
            <ns:values>
              <ns:value lang="de-at">ASFINAG</ns:value>
            </ns:values>
          </ns:sourceName>
        </ns:source>
        <ns:validity>
          <ns:validityStatus>definedByValidityTimeSpec</ns:validityStatus>
          <ns:validityTimeSpecification>
            <ns:overallStartTime>2018-07-15T06:00:00+02:00</ns:overallStartTime>
            <ns:overallEndTime>2018-07-15T21:00:00+02:00</ns:overallEndTime>
          </ns:validityTimeSpecification>
        </ns:validity>
        <ns:groupOfLocations d2p1:type="ns:Linear">
          <!--Carriageway and lane information. In this case the carriageway in both directions is not permitted for usage-->
          <ns:supplementaryPositionalDescription>
            <ns:affectedCarriagewayAndLanes>
              <ns:carriageway>mainCarriageway</ns:carriageway>
              <ns:lane>allLanesCompleteCarriageway</ns:lane>
            </ns:affectedCarriagewayAndLanes>
            <ns:affectedCarriagewayAndLanes>
              <ns:carriageway>oppositeCarriageway</ns:carriageway>
              <ns:lane>allLanesCompleteCarriageway</ns:lane>
            </ns:affectedCarriagewayAndLanes>
          </ns:supplementaryPositionalDescription>
          <ns:alertCLinear d2p1:type="ns:AlertCMethod4Linear">
            <ns:alertCLocationCountryCode>10</ns:alertCLocationCountryCode>
            <ns:alertCLocationTableNumber>1</ns:alertCLocationTableNumber>
            <ns:alertCLocationTableVersion>3.1</ns:alertCLocationTableVersion>
            <ns:alertCDirection>
              <ns:alertCDirectionCoded>both</ns:alertCDirectionCoded>
            </ns:alertCDirection>
            <ns:alertCMethod4PrimaryPointLocation>
              <ns:alertCLocation>
                <ns:specificLocation>36322</ns:specificLocation>
              </ns:alertCLocation>
              <ns:offsetDistance>
                <ns:offsetDistance>2935</ns:offsetDistance>
              </ns:offsetDistance>
            </ns:alertCMethod4PrimaryPointLocation>
            <ns:alertCMethod4SecondaryPointLocation>
              <ns:alertCLocation>
                <ns:specificLocation>36320</ns:specificLocation>
              </ns:alertCLocation>
              <ns:offsetDistance>
                <ns:offsetDistance>367</ns:offsetDistance>
              </ns:offsetDistance>
            </ns:alertCMethod4SecondaryPointLocation>
          </ns:alertCLinear>
          <ns:linearWithinLinearElement>
            <ns:directionRelativeOnLinearSection>both</ns:directionRelativeOnLinearSection>
            <ns:linearElement>
              <ns:roadNumber>A02</ns:roadNumber>
            </ns:linearElement>
            <ns:fromPoint d2p1:type="ns:DistanceFromLinearElementStart">
              <ns:distanceAlong>243718</ns:distanceAlong>
            </ns:fromPoint>
            <ns:toPoint d2p1:type="ns:DistanceFromLinearElementStart">
              <ns:distanceAlong>246754</ns:distanceAlong>
            </ns:toPoint>
          </ns:linearWithinLinearElement>
          <ns:linearExtension>
            <ns:extendedLinear>
              <ns:linearByCoordinates>
                <ns:roadNumber>A02</ns:roadNumber>
                <ns:start>
                  <ns:latitude>46.9176445</ns:latitude>
                  <ns:longitude>14.83863</ns:longitude>
                </ns:start>
                <ns:end>
                  <ns:latitude>46.8942833</ns:latitude>
                  <ns:longitude>14.8199921</ns:longitude>
                </ns:end>
              </ns:linearByCoordinates>
            </ns:extendedLinear>
            <ns:extendedLinearForGipLink>
              <ns:gipLinkLinearLocationReference version="201803" name="gipat_1612_linknetz_hotfix">
                <ns:gipLink index="1">
                  <ns:gipLink>
                    <ns:linkId>461006017</ns:linkId>
                    <ns:linkPercentageFrom>
                      <ns:percentageDistanceAlong>70.9</ns:percentageDistanceAlong>
                    </ns:linkPercentageFrom>
                    <ns:linkPercentageTo>
                      <ns:percentageDistanceAlong>100</ns:percentageDistanceAlong>
                    </ns:linkPercentageTo>
                    <ns:referenceDirection>fromTo</ns:referenceDirection>
                  </ns:gipLink>
                </ns:gipLink>
                <ns:gipLink index="2">
                  <ns:gipLink>
                    <ns:linkId>461006018</ns:linkId>
                    <ns:linkPercentageFrom>
                      <ns:percentageDistanceAlong>0.4</ns:percentageDistanceAlong>
                    </ns:linkPercentageFrom>
                    <ns:linkPercentageTo>
                      <ns:percentageDistanceAlong>98.7</ns:percentageDistanceAlong>
                    </ns:linkPercentageTo>
                    <ns:referenceDirection>fromTo</ns:referenceDirection>
                  </ns:gipLink>
                </ns:gipLink>
                <ns:gipLink index="3">
                  <ns:gipLink>
                    <ns:linkId>461006019</ns:linkId>
                    <ns:linkPercentageFrom>
                      <ns:percentageDistanceAlong>0.1</ns:percentageDistanceAlong>
                    </ns:linkPercentageFrom>
                    <ns:linkPercentageTo>
                      <ns:percentageDistanceAlong>6.4</ns:percentageDistanceAlong>
                    </ns:linkPercentageTo>
                    <ns:referenceDirection>fromTo</ns:referenceDirection>
                  </ns:gipLink>
                </ns:gipLink>
                <ns:gipLink index="4">
                  <ns:gipLink>
                    <ns:linkId>461006222</ns:linkId>
                    <ns:linkPercentageFrom>
                      <ns:percentageDistanceAlong>0.2</ns:percentageDistanceAlong>
                    </ns:linkPercentageFrom>
                    <ns:linkPercentageTo>
                      <ns:percentageDistanceAlong>100</ns:percentageDistanceAlong>
                    </ns:linkPercentageTo>
                    <ns:referenceDirection>toFrom</ns:referenceDirection>
                  </ns:gipLink>
                </ns:gipLink>
                <ns:gipLink index="5">
                  <ns:gipLink>
                    <ns:linkId>461019426</ns:linkId>
                    <ns:linkPercentageFrom>
                      <ns:percentageDistanceAlong>78.3</ns:percentageDistanceAlong>
                    </ns:linkPercentageFrom>
                    <ns:linkPercentageTo>
                      <ns:percentageDistanceAlong>100</ns:percentageDistanceAlong>
                    </ns:linkPercentageTo>
                    <ns:referenceDirection>toFrom</ns:referenceDirection>
                  </ns:gipLink>
                </ns:gipLink>
                <ns:gipLink index="6">
                  <ns:gipLink>
                    <ns:linkId>461019427</ns:linkId>
                    <ns:linkPercentageFrom>
                      <ns:percentageDistanceAlong>3.3</ns:percentageDistanceAlong>
                    </ns:linkPercentageFrom>
                    <ns:linkPercentageTo>
                      <ns:percentageDistanceAlong>100</ns:percentageDistanceAlong>
                    </ns:linkPercentageTo>
                    <ns:referenceDirection>toFrom</ns:referenceDirection>
                  </ns:gipLink>
                </ns:gipLink>
                <ns:gipLink index="7">
                  <ns:gipLink>
                    <ns:linkId>461019428</ns:linkId>
                    <ns:linkPercentageFrom>
                      <ns:percentageDistanceAlong>2.4</ns:percentageDistanceAlong>
                    </ns:linkPercentageFrom>
                    <ns:linkPercentageTo>
                      <ns:percentageDistanceAlong>100</ns:percentageDistanceAlong>
                    </ns:linkPercentageTo>
                    <ns:referenceDirection>toFrom</ns:referenceDirection>
                  </ns:gipLink>
                </ns:gipLink>
                <ns:gipLink index="8">
                  <ns:gipLink>
                    <ns:linkId>461019430</ns:linkId>
                    <ns:linkPercentageFrom>
                      <ns:percentageDistanceAlong>0.2</ns:percentageDistanceAlong>
                    </ns:linkPercentageFrom>
                    <ns:linkPercentageTo>
                      <ns:percentageDistanceAlong>2.7</ns:percentageDistanceAlong>
                    </ns:linkPercentageTo>
                    <ns:referenceDirection>toFrom</ns:referenceDirection>
                  </ns:gipLink>
                </ns:gipLink>
              </ns:gipLinkLinearLocationReference>
            </ns:extendedLinearForGipLink>
          </ns:linearExtension>
        </ns:groupOfLocations>
        <ns:complianceOption>mandatory</ns:complianceOption>
        <!--Information about vehciles and/or theirs characteristics (width, height, weight, vehcile type,...) to which the prohibition is applied are supplied here-->
        <ns:forVehiclesWithCharacteristicsOf>
          <ns:vehicleType>lorry</ns:vehicleType>
          <ns:widthCharacteristic>
            <ns:comparisonOperator>greaterThan</ns:comparisonOperator>
            <ns:vehicleWidth>2</ns:vehicleWidth>
          </ns:widthCharacteristic>
        </ns:forVehiclesWithCharacteristicsOf>
        <!--The road is closed to vehicles with the specified characteristics or all, if none defined, in the specified direction.-->
        <!--The lanes and carraigeway information is specified in the groupOfLocations (supplementaryPositionalDescription)-->
        <ns:roadOrCarriagewayOrLaneManagementType>roadClosed</ns:roadOrCarriagewayOrLaneManagementType>      
      </ns:situationRecord>
    </ns:situation>
  </ns:payloadPublication>
</ns:d2LogicalModel>