﻿<?xml version="1.0" encoding="utf-8"?>
<!--
An example traffic message with linearWithLinearElement location referencing, where the linearElement is of linearElementByPoints. The linear element is defined as a sequence of referents.      
-->
<d2LogicalModel modelBaseVersion="2" xmlns="http://datex2.eu/schema/2/2_0" xmlns:xsi="http://www.w3.org/2001/XMLSchema-instance" xsi:schemaLocation="http://datex2.eu/schema/2/2_0 ../AustrianPlannedEventsProfile.xsd">
  <exchange>
    <supplierIdentification>
      <country>at</country>
      <nationalIdentifier>ASFINAG</nationalIdentifier>
    </supplierIdentification>
  </exchange>
  <payloadPublication xsi:type="SituationPublication" lang="de-at">
    <publicationTime>2017-04-13T09:00:00</publicationTime>
    <publicationCreator>
      <country>at</country>
      <nationalIdentifier>ASFINAG</nationalIdentifier>
    </publicationCreator>
    <payloadPublicationExtension>
      <payloadPublicationExtended>
        <!--Extension to provide information about the main language and the offered translations of the text content in the traffic message-->
        <languageInfo>
          <mainLanguage>de-at</mainLanguage>
          <translation>en</translation>
        </languageInfo>
      </payloadPublicationExtended>
    </payloadPublicationExtension>
    <situation id="8438400" version="8">
      <headerInformation>
        <confidentiality>noRestriction</confidentiality>
        <informationStatus>real</informationStatus>
      </headerInformation>
      <situationRecord xsi:type="MaintenanceWorks" id="8438400_103_1" version="8">
        <situationRecordCreationTime>2017-10-12T08:13:23+02:00</situationRecordCreationTime>
        <situationRecordVersionTime>2017-10-12T09:21:52+02:00</situationRecordVersionTime>
        <probabilityOfOccurrence>certain</probabilityOfOccurrence>
        <source>
          <sourceCountry>at</sourceCountry>
          <sourceIdentification>ASFINAG</sourceIdentification>
          <sourceName>
            <values>
              <!--Source: https://www.asfinag.at/en/-->
              <value lang="en">ASFINAG</value>
              <value lang="de-at">Autobahnen- und Schnellstraßen-Finanzierungs-Aktiengesellschaft</value>
            </values>
          </sourceName>
        </source>
        <validity>
          <validityStatus>definedByValidityTimeSpec</validityStatus>
          <validityTimeSpecification>
            <overallStartTime>2017-10-12T08:13:23+02:00</overallStartTime>
            <overallEndTime>2017-10-12T11:21:52+02:00</overallEndTime>
          </validityTimeSpecification>
        </validity>
        <impact>
          <capacityRemaining>50</capacityRemaining>
          <numberOfLanesRestricted>1</numberOfLanesRestricted>
          <numberOfOperationalLanes>1</numberOfOperationalLanes>
          <originalNumberOfLanes>2</originalNumberOfLanes>
          <trafficConstrictionType>lanesBlocked</trafficConstrictionType>
        </impact>
        <generalPublicComment>
          <comment>
            <values>
              <value lang="de-at"> zwischen Knoten Salzburg (km 7) und Puch/Urstein  (km 10) bei km 10, Wartungsarbeiten</value>
              <value lang="en"> between Knoten Salzburg (km 7) and Puch/Urstein  (km 10) at km 10, Maintenance works</value>
            </values>
          </comment>
          <commentDateTime>2017-10-12T09:21:52+02:00</commentDateTime>
          <commentType>description</commentType>
        </generalPublicComment>
        <groupOfLocations xsi:type="Linear">
          <!--Relative positioning using predefined referent points-->
          <linearWithinLinearElement>
            <linearElement xsi:type ="LinearElementByPoints">
              <roadName>
                <values>
                  <value lang="de-at">Tauernautobahn</value>
                </values>
              </roadName>
              <roadNumber>A10</roadNumber>
              <linearElementReferenceModel>gipat_1612_linknetz_hotfix</linearElementReferenceModel>
              <linearElementReferenceModelVersion>1612</linearElementReferenceModelVersion>
              <linearElementNature>roadSection</linearElementNature>
              <startPointOfLinearElement>
                <referentIdentifier>461006651</referentIdentifier>
                <referentType>referenceMarker</referentType>
                <pointCoordinates>
                  <latitude>47.7555533</latitude>
                  <longitude>13.0083059</longitude>
                </pointCoordinates>
              </startPointOfLinearElement>
              <intermediatePointOnLinearElement index="1">
                <referent>
                  <referentIdentifier>461006652</referentIdentifier>
                  <referentType>referenceMarker</referentType>
                  <pointCoordinates>
                    <latitude>47.7431343</latitude>
                    <longitude>13.0413638</longitude>
                  </pointCoordinates>
                </referent>
              </intermediatePointOnLinearElement>
              <intermediatePointOnLinearElement index="2">
                <referent>
                  <referentIdentifier>461001275</referentIdentifier>
                  <referentType>referenceMarker</referentType>
                  <pointCoordinates>
                    <latitude>47.7423816</latitude>
                    <longitude>13.0439268</longitude>
                  </pointCoordinates>
                </referent>
              </intermediatePointOnLinearElement>
              <intermediatePointOnLinearElement index="3">
                <referent>
                  <referentIdentifier>461006633</referentIdentifier>
                  <referentType>referenceMarker</referentType>
                  <pointCoordinates>
                    <latitude>47.7371033</latitude>
                    <longitude>13.0619235</longitude>
                  </pointCoordinates>
                </referent>
              </intermediatePointOnLinearElement>
              <endPointOfLinearElement>
                <referentIdentifier>461006634</referentIdentifier>
                <referentType>referenceMarker</referentType>
                <pointCoordinates>
                  <latitude>47.7341781</latitude>
                  <longitude>13.0724798</longitude>
                </pointCoordinates>
              </endPointOfLinearElement>
            </linearElement>
            <fromPoint xsi:type="DistanceFromLinearElementReferent">
              <distanceAlong>2590</distanceAlong>
              <fromReferent>
                <referentIdentifier>461006651</referentIdentifier>
                <referentType>referenceMarker</referentType>
                <pointCoordinates>
                  <latitude>47.7555533</latitude>
                  <longitude>13.0083059</longitude>
                </pointCoordinates>
              </fromReferent>
            </fromPoint>
            <toPoint xsi:type="DistanceFromLinearElementReferent">
              <distanceAlong>18</distanceAlong>
              <fromReferent>
                <referentIdentifier>461006634</referentIdentifier>
                <referentType>referenceMarker</referentType>
                <pointCoordinates>
                  <latitude>47.7341781</latitude>
                  <longitude>13.0724798</longitude>
                </pointCoordinates>
              </fromReferent>
            </toPoint>
          </linearWithinLinearElement>
          <!--Absolute position by Wgs84 points via a level b extension -->
          <linearExtension>
            <extendedLinear>
              <linearByCoordinates>
                <roadNumber>A02</roadNumber>
                <start>
                  <latitude>47.744940</latitude>
                  <longitude>13.035162</longitude>
                </start>
                <end>
                  <latitude>47.734185</latitude>
                  <longitude>13.072453</longitude>
                </end>
              </linearByCoordinates>
            </extendedLinear>
          </linearExtension>
        </groupOfLocations>
        <roadMaintenanceType>maintenanceWork</roadMaintenanceType>
      </situationRecord>
    </situation>
  </payloadPublication>
</d2LogicalModel>