﻿<?xml version="1.0" encoding="utf-8"?>

<ns:d2LogicalModel modelBaseVersion="2" xmlns:ns="http://datex2.eu/schema/2/2_0" xmlns:xsi="http://www.w3.org/2001/XMLSchema-instance" xsi:schemaLocation="http://datex2.eu/schema/2/2_0 ../AustrianTrafficTravelTimesProfile.xsd">
  <ns:exchange>
    <ns:supplierIdentification>
      <ns:country>at</ns:country>
      <ns:nationalIdentifier>ASFINAG</ns:nationalIdentifier>
    </ns:supplierIdentification>
  </ns:exchange>
  <ns:payloadPublication d2p1:type="ns:ElaboratedDataPublication" lang="de-at"
                         xmlns:d2p1="http://www.w3.org/2001/XMLSchema-instance">
    <ns:publicationTime>2018-12-04T11:24:49+01:00</ns:publicationTime>
    <ns:publicationCreator>
      <ns:country>at</ns:country>
      <ns:nationalIdentifier>ASFINAG</ns:nationalIdentifier>
    </ns:publicationCreator>
    <ns:headerInformation>
      <ns:confidentiality>noRestriction</ns:confidentiality>
      <ns:informationStatus>real</ns:informationStatus>
    </ns:headerInformation>
    <ns:elaboratedData>
      <ns:basicData d2p1:type="ns:TrafficStatus">
        <ns:measurementOrCalculationTime>2018-12-04T11:23:52+01:00</ns:measurementOrCalculationTime>
        <ns:pertinentLocation d2p1:type="ns:LocationByReference">
          <ns:predefinedLocationReference id="A02_2_299200_v1_1" version="1" targetClass="PredefinedLocation" />
        </ns:pertinentLocation>
        <ns:trafficStatus>
          <ns:trafficStatusValue>freeFlow</ns:trafficStatusValue>
        </ns:trafficStatus>
      </ns:basicData>
    </ns:elaboratedData>
    <ns:elaboratedData>
      <ns:basicData d2p1:type="ns:TrafficSpeed">
        <ns:measurementOrCalculationTime>2018-12-04T11:23:52+01:00</ns:measurementOrCalculationTime>
        <ns:pertinentLocation d2p1:type="ns:LocationByReference">
          <ns:predefinedLocationReference id="A02_2_299200_v1_1" version="1" targetClass="PredefinedLocation" />
        </ns:pertinentLocation>
        <ns:forVehiclesWithCharacteristicsOf>
          <ns:vehicleType>car</ns:vehicleType>
        </ns:forVehiclesWithCharacteristicsOf>
        <ns:averageVehicleSpeed>
          <ns:speed>112.046524</ns:speed>
        </ns:averageVehicleSpeed>
      </ns:basicData>
    </ns:elaboratedData>
    <ns:elaboratedData>
      <ns:basicData d2p1:type="ns:TravelTimeData">
        <ns:measurementOrCalculationTime>2018-12-04T11:23:52+01:00</ns:measurementOrCalculationTime>
        <ns:pertinentLocation d2p1:type="ns:LocationByReference">
          <ns:predefinedLocationReference id="A02_2_299200_v1_1" version="1" targetClass="PredefinedLocation" />
        </ns:pertinentLocation>
        <ns:vehicleType>car</ns:vehicleType>
        <ns:travelTime>
          <ns:duration>6.42590237</ns:duration>
        </ns:travelTime>
        <ns:freeFlowTravelTime>
          <ns:duration>6.4788723</ns:duration>
        </ns:freeFlowTravelTime>
      </ns:basicData>
    </ns:elaboratedData>
    <ns:elaboratedData>
      <ns:basicData d2p1:type="ns:TrafficSpeed">
        <ns:measurementOrCalculationTime>2018-12-04T11:23:52+01:00</ns:measurementOrCalculationTime>
        <ns:pertinentLocation d2p1:type="ns:LocationByReference">
          <ns:predefinedLocationReference id="A02_2_299200_v1_1" version="1" targetClass="PredefinedLocation" />
        </ns:pertinentLocation>
        <ns:forVehiclesWithCharacteristicsOf>
          <ns:vehicleType>lorry</ns:vehicleType>
        </ns:forVehiclesWithCharacteristicsOf>
        <ns:averageVehicleSpeed>
          <ns:speed>80.64516</ns:speed>
        </ns:averageVehicleSpeed>
      </ns:basicData>
    </ns:elaboratedData>
    <ns:elaboratedData>
      <ns:basicData d2p1:type="ns:TravelTimeData">
        <ns:measurementOrCalculationTime>2018-12-04T11:23:52+01:00</ns:measurementOrCalculationTime>
        <ns:pertinentLocation d2p1:type="ns:LocationByReference">
          <ns:predefinedLocationReference id="A02_2_299200_v1_1" version="1" targetClass="PredefinedLocation" />
        </ns:pertinentLocation>
        <ns:vehicleType>lorry</ns:vehicleType>
        <ns:travelTime>
          <ns:duration>8.928</ns:duration>
        </ns:travelTime>
        <ns:freeFlowTravelTime>
          <ns:duration>9.006591</ns:duration>
        </ns:freeFlowTravelTime>
      </ns:basicData>
    </ns:elaboratedData>
  </ns:payloadPublication>
</ns:d2LogicalModel>