﻿<?xml version="1.0" encoding="utf-8"?>

<ns:d2LogicalModel modelBaseVersion="2" xmlns:ns="http://datex2.eu/schema/2/2_0" xmlns:xsi="http://www.w3.org/2001/XMLSchema-instance" xsi:schemaLocation="http://datex2.eu/schema/2/2_0 ../AustrianTrafficTravelTimesProfile.xsd">
  <ns:exchange>
    <ns:supplierIdentification>
      <ns:country>at</ns:country>
      <ns:nationalIdentifier>ASFINAG</ns:nationalIdentifier>
    </ns:supplierIdentification>
  </ns:exchange>
  <ns:payloadPublication d2p1:type="ns:PredefinedLocationsPublication" lang="de-at" xmlns:d2p1="http://www.w3.org/2001/XMLSchema-instance">
    <ns:feedType>AVLStaticData_1_1</ns:feedType>
    <ns:publicationTime>2018-02-21T02:42:18+01:00</ns:publicationTime>
    <ns:publicationCreator>
      <ns:country>at</ns:country>
      <ns:nationalIdentifier>ASFINAG</ns:nationalIdentifier>
    </ns:publicationCreator>
    <ns:headerInformation>
      <ns:confidentiality>noRestriction</ns:confidentiality>
      <ns:informationStatus>real</ns:informationStatus>
    </ns:headerInformation>
    <ns:predefinedLocationContainer d2p1:type="ns:PredefinedLocation" id="A02_2_299200_v1_1" version="1">
      <ns:location d2p1:type="ns:Linear">
        <ns:alertCLinear d2p1:type="ns:AlertCMethod4Linear">
          <ns:alertCLocationCountryCode>A</ns:alertCLocationCountryCode>
          <ns:alertCLocationTableNumber>1</ns:alertCLocationTableNumber>
          <ns:alertCLocationTableVersion>3.1</ns:alertCLocationTableVersion>
          <ns:alertCDirection>
            <ns:alertCDirectionCoded>negative</ns:alertCDirectionCoded>
          </ns:alertCDirection>
          <ns:alertCMethod4PrimaryPointLocation>
            <ns:alertCLocation>
              <ns:specificLocation>36131</ns:specificLocation>
            </ns:alertCLocation>
            <ns:offsetDistance>
              <ns:offsetDistance>1</ns:offsetDistance>
            </ns:offsetDistance>
          </ns:alertCMethod4PrimaryPointLocation>
          <ns:alertCMethod4SecondaryPointLocation>
            <ns:alertCLocation>
              <ns:specificLocation>36131</ns:specificLocation>
            </ns:alertCLocation>
            <ns:offsetDistance>
              <ns:offsetDistance>1</ns:offsetDistance>
            </ns:offsetDistance>
          </ns:alertCMethod4SecondaryPointLocation>
        </ns:alertCLinear>
        <ns:linearWithinLinearElement>
          <ns:directionRelativeOnLinearSection>opposite</ns:directionRelativeOnLinearSection>
          <ns:linearElement>
            <ns:roadNumber>A02</ns:roadNumber>
          </ns:linearElement>
          <ns:fromPoint d2p1:type="ns:DistanceFromLinearElementStart">
            <ns:distanceAlong>299200</ns:distanceAlong>
          </ns:fromPoint>
          <ns:toPoint d2p1:type="ns:DistanceFromLinearElementStart">
            <ns:distanceAlong>299000</ns:distanceAlong>
          </ns:toPoint>
        </ns:linearWithinLinearElement>
        <ns:linearExtension>
          <ns:extendedLinear>
            <ns:linearByCoordinates>
              <ns:roadNumber>A02</ns:roadNumber>
              <ns:start>
                <ns:latitude>46.63828</ns:latitude>
                <ns:longitude>14.445734</ns:longitude>
              </ns:start>
              <ns:end>
                <ns:latitude>46.637825</ns:latitude>
                <ns:longitude>14.4483175</ns:longitude>
              </ns:end>
            </ns:linearByCoordinates>
          </ns:extendedLinear>
          <ns:extendedLinearForGipLink>
            <ns:gipLinkLinearLocationReference version="GIPAT1802" name="GIP AT Stand Februar 2018">
              <ns:gipLink index="1">
                <ns:gipLink>
                  <ns:linkId>461000889</ns:linkId>
                  <ns:linkPercentageFrom>
                    <ns:percentageDistanceAlong>0.765</ns:percentageDistanceAlong>
                  </ns:linkPercentageFrom>
                  <ns:linkPercentageTo>
                    <ns:percentageDistanceAlong>1</ns:percentageDistanceAlong>
                  </ns:linkPercentageTo>
                  <ns:referenceDirection>toFrom</ns:referenceDirection>
                </ns:gipLink>
              </ns:gipLink>
            </ns:gipLinkLinearLocationReference>
          </ns:extendedLinearForGipLink>
        </ns:linearExtension>
      </ns:location>
    </ns:predefinedLocationContainer>
  </ns:payloadPublication>
</ns:d2LogicalModel>