<?xml version="1.0" encoding="utf-8"?>
<ns:d2LogicalModel modelBaseVersion="2" xmlns:ns="http://datex2.eu/schema/2/2_0" xmlns:xsi="http://www.w3.org/2001/XMLSchema-instance" xsi:schemaLocation="http://datex2.eu/schema/2/2_0 ../AustrianTrafficTravelTimesProfile.xsd">
  <ns:exchange>
    <ns:supplierIdentification>
      <ns:country>at</ns:country>
      <ns:nationalIdentifier>ASFINAG</ns:nationalIdentifier>
    </ns:supplierIdentification>
  </ns:exchange>
  <ns:payloadPublication d2p1:type="ns:ElaboratedDataPublication" lang="de-at" 
                         xmlns:d2p1="http://www.w3.org/2001/XMLSchema-instance">
    <ns:publicationTime>2018-12-03T15:50:59+01:00</ns:publicationTime>
    <ns:publicationCreator>
      <ns:country>at</ns:country>
      <ns:nationalIdentifier>ASFINAG</ns:nationalIdentifier>
    </ns:publicationCreator>
    <ns:forecastDefault>true</ns:forecastDefault>
    <ns:headerInformation>
      <ns:confidentiality>noRestriction</ns:confidentiality>
      <ns:informationStatus>real</ns:informationStatus>
    </ns:headerInformation>
    <ns:elaboratedData>
      <ns:forecast>true</ns:forecast>
      <ns:validity>
        <ns:validityStatus>definedByValidityTimeSpec</ns:validityStatus>
        <ns:validityTimeSpecification>
          <ns:overallStartTime>2018-12-03T16:45:00+01:00</ns:overallStartTime>
          <ns:overallEndTime>2018-12-03T16:50:00+01:00</ns:overallEndTime>
        </ns:validityTimeSpecification>
      </ns:validity>
      <ns:basicData d2p1:type="ns:TrafficStatus">
        <ns:measurementOrCalculationTime>2018-12-03T15:45:00+01:00</ns:measurementOrCalculationTime>
        <ns:pertinentLocation d2p1:type="ns:LocationByReference">
          <ns:predefinedLocationReference id="geo_8" version="1" targetClass="PredefinedLocation" />
        </ns:pertinentLocation>
        <ns:trafficStatus>
          <ns:trafficStatusValue>freeFlow</ns:trafficStatusValue>
        </ns:trafficStatus>
      </ns:basicData>
    </ns:elaboratedData>
    <ns:elaboratedData>
      <ns:forecast>true</ns:forecast>
      <ns:validity>
        <ns:validityStatus>definedByValidityTimeSpec</ns:validityStatus>
        <ns:validityTimeSpecification>
          <ns:overallStartTime>2018-12-03T16:45:00+01:00</ns:overallStartTime>
          <ns:overallEndTime>2018-12-03T16:50:00+01:00</ns:overallEndTime>
        </ns:validityTimeSpecification>
      </ns:validity>
      <ns:basicData d2p1:type="ns:TrafficSpeed">
        <ns:measurementOrCalculationTime>2018-12-03T15:45:00+01:00</ns:measurementOrCalculationTime>
        <ns:pertinentLocation d2p1:type="ns:LocationByReference">
          <ns:predefinedLocationReference id="geo_8" version="1" targetClass="PredefinedLocation" />
        </ns:pertinentLocation>
        <ns:forVehiclesWithCharacteristicsOf>
          <ns:vehicleType>car</ns:vehicleType>
        </ns:forVehiclesWithCharacteristicsOf>
        <ns:averageVehicleSpeed>
          <ns:speed>116</ns:speed>
        </ns:averageVehicleSpeed>
      </ns:basicData>
    </ns:elaboratedData>
    <ns:elaboratedData>
      <ns:forecast>true</ns:forecast>
      <ns:validity>
        <ns:validityStatus>definedByValidityTimeSpec</ns:validityStatus>
        <ns:validityTimeSpecification>
          <ns:overallStartTime>2018-12-03T16:45:00+01:00</ns:overallStartTime>
          <ns:overallEndTime>2018-12-03T16:50:00+01:00</ns:overallEndTime>
        </ns:validityTimeSpecification>
      </ns:validity>
      <ns:basicData d2p1:type="ns:TravelTimeData">
        <ns:measurementOrCalculationTime>2018-12-03T15:45:00+01:00</ns:measurementOrCalculationTime>
        <ns:pertinentLocation d2p1:type="ns:LocationByReference">
          <ns:predefinedLocationReference id="geo_8" version="1" targetClass="PredefinedLocation" />
        </ns:pertinentLocation>
        <ns:vehicleType>car</ns:vehicleType>
        <ns:travelTime>
          <ns:duration>494</ns:duration>
        </ns:travelTime>
      </ns:basicData>
    </ns:elaboratedData>
    <ns:elaboratedData>
      <ns:forecast>true</ns:forecast>
      <ns:validity>
        <ns:validityStatus>definedByValidityTimeSpec</ns:validityStatus>
        <ns:validityTimeSpecification>
          <ns:overallStartTime>2018-12-03T16:15:00+01:00</ns:overallStartTime>
          <ns:overallEndTime>2018-12-03T16:20:00+01:00</ns:overallEndTime>
        </ns:validityTimeSpecification>
      </ns:validity>
      <ns:basicData d2p1:type="ns:TrafficStatus">
        <ns:measurementOrCalculationTime>2018-12-03T15:45:00+01:00</ns:measurementOrCalculationTime>
        <ns:pertinentLocation d2p1:type="ns:LocationByReference">
          <ns:predefinedLocationReference id="geo_8" version="1" targetClass="PredefinedLocation" />
        </ns:pertinentLocation>
        <ns:trafficStatus>
          <ns:trafficStatusValue>freeFlow</ns:trafficStatusValue>
        </ns:trafficStatus>
      </ns:basicData>
    </ns:elaboratedData>
    <ns:elaboratedData>
      <ns:forecast>true</ns:forecast>
      <ns:validity>
        <ns:validityStatus>definedByValidityTimeSpec</ns:validityStatus>
        <ns:validityTimeSpecification>
          <ns:overallStartTime>2018-12-03T16:15:00+01:00</ns:overallStartTime>
          <ns:overallEndTime>2018-12-03T16:20:00+01:00</ns:overallEndTime>
        </ns:validityTimeSpecification>
      </ns:validity>
      <ns:basicData d2p1:type="ns:TrafficSpeed">
        <ns:measurementOrCalculationTime>2018-12-03T15:45:00+01:00</ns:measurementOrCalculationTime>
        <ns:pertinentLocation d2p1:type="ns:LocationByReference">
          <ns:predefinedLocationReference id="geo_8" version="1" targetClass="PredefinedLocation" />
        </ns:pertinentLocation>
        <ns:forVehiclesWithCharacteristicsOf>
          <ns:vehicleType>car</ns:vehicleType>
        </ns:forVehiclesWithCharacteristicsOf>
        <ns:averageVehicleSpeed>
          <ns:speed>116</ns:speed>
        </ns:averageVehicleSpeed>
      </ns:basicData>
    </ns:elaboratedData>
    <ns:elaboratedData>
      <ns:forecast>true</ns:forecast>
      <ns:validity>
        <ns:validityStatus>definedByValidityTimeSpec</ns:validityStatus>
        <ns:validityTimeSpecification>
          <ns:overallStartTime>2018-12-03T16:15:00+01:00</ns:overallStartTime>
          <ns:overallEndTime>2018-12-03T16:20:00+01:00</ns:overallEndTime>
        </ns:validityTimeSpecification>
      </ns:validity>
      <ns:basicData d2p1:type="ns:TravelTimeData">
        <ns:measurementOrCalculationTime>2018-12-03T15:45:00+01:00</ns:measurementOrCalculationTime>
        <ns:pertinentLocation d2p1:type="ns:LocationByReference">
          <ns:predefinedLocationReference id="geo_8" version="1" targetClass="PredefinedLocation" />
        </ns:pertinentLocation>
        <ns:vehicleType>car</ns:vehicleType>
        <ns:travelTime>
          <ns:duration>494</ns:duration>
        </ns:travelTime>
        <ns:freeFlowTravelTime>
          <ns:duration>0</ns:duration>
        </ns:freeFlowTravelTime>
      </ns:basicData>
    </ns:elaboratedData>
  </ns:payloadPublication>
</ns:d2LogicalModel>