<?xml version="1.0" encoding="UTF-8" standalone="yes"?>
<d2LogicalModel modelBaseVersion="2" xmlns="http://datex2.eu/schema/2/2_0">
	<exchange>
		<supplierIdentification>
			<country>hu</country>
			<nationalIdentifier>UTINFORM-2</nationalIdentifier>
		</supplierIdentification>
	</exchange>
	<payloadPublication xsi:type="SituationPublication" lang="hu" xmlns:xsi="http://www.w3.org/2001/XMLSchema-instance">
		<publicationTime>2022-03-08T13:12:25+01:00</publicationTime>
		<publicationCreator>
			<country>hu</country>
			<nationalIdentifier>UTINFORM-2</nationalIdentifier>
		</publicationCreator>
		<situation id="hu_UTINFORM_370392" version="1">
			<situationVersionTime>2022-03-08T10:22:27+01:00</situationVersionTime>
			<headerInformation>
				<confidentiality>noRestriction</confidentiality>
				<informationStatus>real</informationStatus>
				<urgency>urgent</urgency>
			</headerInformation>
			<situationRecord xsi:type="Accident" id="hu_UTINFORM_370392_1" version="1">
				<situationRecordCreationReference>IVDS</situationRecordCreationReference>
				<situationRecordCreationTime>2022-03-08T10:22:27+01:00</situationRecordCreationTime>
				<situationRecordVersionTime>2022-03-08T10:22:27+01:00</situationRecordVersionTime>
				<probabilityOfOccurrence>certain</probabilityOfOccurrence>
				<source>
					<sourceCountry>hu</sourceCountry>
					<sourceIdentification>370392_1</sourceIdentification>
					<sourceName>
						<values>
							<value lang="hu">SZIGETSZENTMIKLÓSI autópálya vonali mérnökség</value>
						</values>
					</sourceName>
					<reliable>true</reliable>
				</source>
				<validity>
					<validityStatus>definedByValidityTimeSpec</validityStatus>
					<validityTimeSpecification>
						<overallStartTime>2022-03-08T10:20:00+01:00</overallStartTime>
					</validityTimeSpecification>
				</validity>
				<impact>
					<capacityRemaining>100.0</capacityRemaining>
				</impact>
				<groupOfLocations xsi:type="Point">
					<groupOfLocationsExtension/>
					<pointAlongLinearElement>
						<directionRelativeAtPoint>opposite</directionRelativeAtPoint>
						<linearElement xsi:type="LinearElementByPoints">
							<roadName>
								<values>
									<value lang="hu">M0</value>
								</values>
							</roadName>
							<roadNumber>M0</roadNumber>
							<linearElementReferenceModel>DSM-10</linearElementReferenceModel>
							<linearElementReferenceModelVersion>1</linearElementReferenceModelVersion>
							<linearElementNature>road</linearElementNature>
							<startPointOfLinearElement>
								<referentIdentifier>37</referentIdentifier>
								<referentType>referenceMarker</referentType>
								<pointCoordinates>
									<latitude>47.38185</latitude>
									<longitude>19.276838</longitude>
								</pointCoordinates>
							</startPointOfLinearElement>
							<endPointOfLinearElement>
								<referentIdentifier>37</referentIdentifier>
								<referentType>referenceMarker</referentType>
								<pointCoordinates>
									<latitude>47.38185</latitude>
									<longitude>19.276838</longitude>
								</pointCoordinates>
							</endPointOfLinearElement>
						</linearElement>
						<distanceAlongLinearElement xsi:type="DistanceFromLinearElementReferent">
							<distanceAlong>250.0</distanceAlong>
							<fromReferent>
								<referentIdentifier>37</referentIdentifier>
								<referentType>referenceMarker</referentType>
								<pointCoordinates>
									<latitude>47.38185</latitude>
									<longitude>19.276838</longitude>
								</pointCoordinates>
							</fromReferent>
						</distanceAlongLinearElement>
					</pointAlongLinearElement>
					<pointByCoordinates>
						<pointCoordinates>
							<latitude>47.38185</latitude>
							<longitude>19.276838</longitude>
						</pointCoordinates>
					</pointByCoordinates>
					<pointExtension>
						<openlrExtendedPoint>
							<openlrPointLocationReference>
								<openlrPointAlongLine>
									<openlrSideOfRoad>onRoadOrUnknown</openlrSideOfRoad>
									<openlrOrientation>noOrientationOrUnknown</openlrOrientation>
									<openlrPositiveOffset>289</openlrPositiveOffset>
									<openlrLocationReferencePoint>
										<openlrCoordinate>
											<latitude>47.3832</latitude>
											<longitude>19.28013</longitude>
										</openlrCoordinate>
										<openlrLineAttributes>
											<openlrFunctionalRoadClass>FRC0</openlrFunctionalRoadClass>
											<openlrFormOfWay>multipleCarriageway</openlrFormOfWay>
											<openlrBearing>242</openlrBearing>
										</openlrLineAttributes>
										<openlrPathAttributes>
											<openlrLowestFRCToNextLRPoint>FRC0</openlrLowestFRCToNextLRPoint>
											<openlrDistanceToNextLRPoint>1206</openlrDistanceToNextLRPoint>
										</openlrPathAttributes>
									</openlrLocationReferencePoint>
									<openlrLastLocationReferencePoint>
										<openlrCoordinate>
											<latitude>47.37808</latitude>
											<longitude>19.26605</longitude>
										</openlrCoordinate>
										<openlrLineAttributes>
											<openlrFunctionalRoadClass>FRC0</openlrFunctionalRoadClass>
											<openlrFormOfWay>multipleCarriageway</openlrFormOfWay>
											<openlrBearing>62</openlrBearing>
										</openlrLineAttributes>
									</openlrLastLocationReferencePoint>
								</openlrPointAlongLine>
							</openlrPointLocationReference>
						</openlrExtendedPoint>
					</pointExtension>
				</groupOfLocations>
				<accidentType>accident</accidentType>
			</situationRecord>
		</situation>
	</payloadPublication>
</d2LogicalModel>