<?xml version="1.0" encoding="UTF-8" standalone="yes"?>
<d2LogicalModel modelBaseVersion="2" xmlns="http://datex2.eu/schema/2/2_0">
	<exchange>
		<supplierIdentification>
			<country>hu</country>
			<nationalIdentifier>UTINFORM-2</nationalIdentifier>
		</supplierIdentification>
	</exchange>
	<payloadPublication xsi:type="SituationPublication" lang="hu" xmlns:xsi="http://www.w3.org/2001/XMLSchema-instance">
		<publicationTime>2022-03-08T13:12:25+01:00</publicationTime>
		<publicationCreator>
			<country>hu</country>
			<nationalIdentifier>UTINFORM-2</nationalIdentifier>
		</publicationCreator>
		<situation id="hu_UTINFORM_4421478" version="1">
			<situationVersionTime>2022-03-08T11:28:04+01:00</situationVersionTime>
			<headerInformation>
				<confidentiality>noRestriction</confidentiality>
				<informationStatus>real</informationStatus>
				<urgency>urgent</urgency>
			</headerInformation>
			<situationRecord xsi:type="AuthorityOperation" id="hu_UTINFORM_4421478_1" version="1">
				<situationRecordCreationReference>IVDS</situationRecordCreationReference>
				<situationRecordCreationTime>2022-03-08T11:28:04+01:00</situationRecordCreationTime>
				<situationRecordVersionTime>2022-03-08T11:28:04+01:00</situationRecordVersionTime>
				<probabilityOfOccurrence>certain</probabilityOfOccurrence>
				<source>
					<sourceCountry>hu</sourceCountry>
					<sourceIdentification>Útinform</sourceIdentification>
					<sourceName>
						<values>
							<value lang="hu">NAGYATÁDI mérnökség</value>
						</values>
					</sourceName>
					<reliable>true</reliable>
				</source>
				<validity>
					<validityStatus>definedByValidityTimeSpec</validityStatus>
					<validityTimeSpecification>
						<overallStartTime>2022-03-08T11:27:00+01:00</overallStartTime>
						<overallEndTime>2022-03-08T12:27:00+01:00</overallEndTime>
					</validityTimeSpecification>
				</validity>
				<impact>
					<capacityRemaining>50.0</capacityRemaining>
					<numberOfLanesRestricted>1</numberOfLanesRestricted>
					<numberOfOperationalLanes>1</numberOfOperationalLanes>
					<originalNumberOfLanes>2</originalNumberOfLanes>
					<trafficConstrictionType>carriagewayPartiallyObstructed</trafficConstrictionType>
				</impact>
				<groupOfLocations xsi:type="Linear">
					<groupOfLocationsExtension/>
					<locationForDisplay>
						<latitude>46.006344</latitude>
						<longitude>17.614517</longitude>
					</locationForDisplay>
					<supplementaryPositionalDescription>
						<affectedCarriagewayAndLanes>
							<carriageway>mainCarriageway</carriageway>
							<lane>lane1</lane>
						</affectedCarriagewayAndLanes>
					</supplementaryPositionalDescription>
					<linearWithinLinearElement>
						<directionRelativeOnLinearSection>aligned</directionRelativeOnLinearSection>
						<linearElement xsi:type="LinearElementByPoints">
							<roadName>
								<values>
									<value lang="hu">6</value>
								</values>
							</roadName>
							<roadNumber>6</roadNumber>
							<linearElementReferenceModel>DSM-10</linearElementReferenceModel>
							<linearElementReferenceModelVersion>1</linearElementReferenceModelVersion>
							<linearElementNature>road</linearElementNature>
							<startPointOfLinearElement>
								<referentIdentifier>247</referentIdentifier>
								<referentType>referenceMarker</referentType>
								<pointCoordinates>
									<latitude>46.006344</latitude>
									<longitude>17.614517</longitude>
								</pointCoordinates>
							</startPointOfLinearElement>
							<endPointOfLinearElement>
								<referentIdentifier>247</referentIdentifier>
								<referentType>referenceMarker</referentType>
								<pointCoordinates>
									<latitude>46.005924</latitude>
									<longitude>17.614283</longitude>
								</pointCoordinates>
							</endPointOfLinearElement>
						</linearElement>
						<fromPoint xsi:type="DistanceFromLinearElementReferent">
							<distanceAlong>500.0</distanceAlong>
							<fromReferent>
								<referentIdentifier>247</referentIdentifier>
								<referentType>referenceMarker</referentType>
								<pointCoordinates>
									<latitude>46.006344</latitude>
									<longitude>17.614517</longitude>
								</pointCoordinates>
							</fromReferent>
						</fromPoint>
						<toPoint xsi:type="DistanceFromLinearElementReferent">
							<distanceAlong>550.0</distanceAlong>
							<fromReferent>
								<referentIdentifier>247</referentIdentifier>
								<referentType>referenceMarker</referentType>
								<pointCoordinates>
									<latitude>46.005924</latitude>
									<longitude>17.614283</longitude>
								</pointCoordinates>
							</fromReferent>
						</toPoint>
					</linearWithinLinearElement>
					<linearExtension>
						<openlrExtendedLinear>
							<firstDirection>
								<openlrLocationReferencePoint>
									<openlrCoordinate>
										<latitude>46.03531</latitude>
										<longitude>17.70311</longitude>
									</openlrCoordinate>
									<openlrLineAttributes>
										<openlrFunctionalRoadClass>FRC1</openlrFunctionalRoadClass>
										<openlrFormOfWay>singleCarriageway</openlrFormOfWay>
										<openlrBearing>254</openlrBearing>
									</openlrLineAttributes>
									<openlrPathAttributes>
										<openlrLowestFRCToNextLRPoint>FRC1</openlrLowestFRCToNextLRPoint>
										<openlrDistanceToNextLRPoint>10523</openlrDistanceToNextLRPoint>
									</openlrPathAttributes>
								</openlrLocationReferencePoint>
								<openlrLastLocationReferencePoint>
									<openlrCoordinate>
										<latitude>45.99089</latitude>
										<longitude>17.59539</longitude>
									</openlrCoordinate>
									<openlrLineAttributes>
										<openlrFunctionalRoadClass>FRC1</openlrFunctionalRoadClass>
										<openlrFormOfWay>singleCarriageway</openlrFormOfWay>
										<openlrBearing>7</openlrBearing>
									</openlrLineAttributes>
								</openlrLastLocationReferencePoint>
								<openlrOffsets>
									<openlrPositiveOffset>8204</openlrPositiveOffset>
									<openlrNegativeOffset>2269</openlrNegativeOffset>
								</openlrOffsets>
							</firstDirection>
						</openlrExtendedLinear>
					</linearExtension>
				</groupOfLocations>
				<authorityOperationType>other</authorityOperationType>
			</situationRecord>
			<situationRecord xsi:type="GeneralNetworkManagement" id="hu_UTINFORM_4421478_2" version="1">
				<situationRecordCreationReference>IVDS</situationRecordCreationReference>
				<situationRecordCreationTime>2022-03-08T11:28:04+01:00</situationRecordCreationTime>
				<situationRecordVersionTime>2022-03-08T11:28:04+01:00</situationRecordVersionTime>
				<probabilityOfOccurrence>certain</probabilityOfOccurrence>
				<source>
					<sourceCountry>hu</sourceCountry>
					<sourceIdentification>Útinform</sourceIdentification>
					<sourceName>
						<values>
							<value lang="hu">NAGYATÁDI mérnökség</value>
						</values>
					</sourceName>
					<reliable>true</reliable>
				</source>
				<validity>
					<validityStatus>definedByValidityTimeSpec</validityStatus>
					<validityTimeSpecification>
						<overallStartTime>2022-03-08T11:27:00+01:00</overallStartTime>
						<overallEndTime>2022-03-08T12:27:00+01:00</overallEndTime>
					</validityTimeSpecification>
				</validity>
				<impact>
					<capacityRemaining>50.0</capacityRemaining>
					<numberOfLanesRestricted>1</numberOfLanesRestricted>
					<numberOfOperationalLanes>1</numberOfOperationalLanes>
					<originalNumberOfLanes>2</originalNumberOfLanes>
					<trafficConstrictionType>carriagewayPartiallyObstructed</trafficConstrictionType>
				</impact>
				<groupOfLocations xsi:type="Linear">
					<groupOfLocationsExtension/>
					<locationForDisplay>
						<latitude>46.006344</latitude>
						<longitude>17.614517</longitude>
					</locationForDisplay>
					<supplementaryPositionalDescription>
						<affectedCarriagewayAndLanes>
							<carriageway>mainCarriageway</carriageway>
							<lane>lane1</lane>
						</affectedCarriagewayAndLanes>
					</supplementaryPositionalDescription>
					<linearWithinLinearElement>
						<directionRelativeOnLinearSection>aligned</directionRelativeOnLinearSection>
						<linearElement xsi:type="LinearElementByPoints">
							<roadName>
								<values>
									<value lang="hu">6</value>
								</values>
							</roadName>
							<roadNumber>6</roadNumber>
							<linearElementReferenceModel>DSM-10</linearElementReferenceModel>
							<linearElementReferenceModelVersion>1</linearElementReferenceModelVersion>
							<linearElementNature>road</linearElementNature>
							<startPointOfLinearElement>
								<referentIdentifier>247</referentIdentifier>
								<referentType>referenceMarker</referentType>
								<pointCoordinates>
									<latitude>46.006344</latitude>
									<longitude>17.614517</longitude>
								</pointCoordinates>
							</startPointOfLinearElement>
							<endPointOfLinearElement>
								<referentIdentifier>247</referentIdentifier>
								<referentType>referenceMarker</referentType>
								<pointCoordinates>
									<latitude>46.005924</latitude>
									<longitude>17.614283</longitude>
								</pointCoordinates>
							</endPointOfLinearElement>
						</linearElement>
						<fromPoint xsi:type="DistanceFromLinearElementReferent">
							<distanceAlong>500.0</distanceAlong>
							<fromReferent>
								<referentIdentifier>247</referentIdentifier>
								<referentType>referenceMarker</referentType>
								<pointCoordinates>
									<latitude>46.006344</latitude>
									<longitude>17.614517</longitude>
								</pointCoordinates>
							</fromReferent>
						</fromPoint>
						<toPoint xsi:type="DistanceFromLinearElementReferent">
							<distanceAlong>550.0</distanceAlong>
							<fromReferent>
								<referentIdentifier>247</referentIdentifier>
								<referentType>referenceMarker</referentType>
								<pointCoordinates>
									<latitude>46.005924</latitude>
									<longitude>17.614283</longitude>
								</pointCoordinates>
							</fromReferent>
						</toPoint>
					</linearWithinLinearElement>
					<linearExtension>
						<openlrExtendedLinear>
							<firstDirection>
								<openlrLocationReferencePoint>
									<openlrCoordinate>
										<latitude>46.03531</latitude>
										<longitude>17.70311</longitude>
									</openlrCoordinate>
									<openlrLineAttributes>
										<openlrFunctionalRoadClass>FRC1</openlrFunctionalRoadClass>
										<openlrFormOfWay>singleCarriageway</openlrFormOfWay>
										<openlrBearing>254</openlrBearing>
									</openlrLineAttributes>
									<openlrPathAttributes>
										<openlrLowestFRCToNextLRPoint>FRC1</openlrLowestFRCToNextLRPoint>
										<openlrDistanceToNextLRPoint>10523</openlrDistanceToNextLRPoint>
									</openlrPathAttributes>
								</openlrLocationReferencePoint>
								<openlrLastLocationReferencePoint>
									<openlrCoordinate>
										<latitude>45.99089</latitude>
										<longitude>17.59539</longitude>
									</openlrCoordinate>
									<openlrLineAttributes>
										<openlrFunctionalRoadClass>FRC1</openlrFunctionalRoadClass>
										<openlrFormOfWay>singleCarriageway</openlrFormOfWay>
										<openlrBearing>7</openlrBearing>
									</openlrLineAttributes>
								</openlrLastLocationReferencePoint>
								<openlrOffsets>
									<openlrPositiveOffset>8204</openlrPositiveOffset>
									<openlrNegativeOffset>2269</openlrNegativeOffset>
								</openlrOffsets>
							</firstDirection>
						</openlrExtendedLinear>
					</linearExtension>
				</groupOfLocations>
				<complianceOption>mandatory</complianceOption>
				<generalNetworkManagementType>trafficBeingManuallyDirected</generalNetworkManagementType>
				<trafficManuallyDirectedBy>policeman</trafficManuallyDirectedBy>
			</situationRecord>
		</situation>
	</payloadPublication>
</d2LogicalModel>