<?xml version="1.0" encoding="UTF-8" standalone="yes"?>
<d2LogicalModel modelBaseVersion="2" xmlns="http://datex2.eu/schema/2/2_0">
	<exchange>
		<supplierIdentification>
			<country>hu</country>
			<nationalIdentifier>UTINFORM-2</nationalIdentifier>
		</supplierIdentification>
	</exchange>
	<payloadPublication xsi:type="SituationPublication" lang="hu" xmlns:xsi="http://www.w3.org/2001/XMLSchema-instance">
		<publicationTime>2022-03-08T16:22:05+01:00</publicationTime>
		<publicationCreator>
			<country>hu</country>
			<nationalIdentifier>UTINFORM-2</nationalIdentifier>
		</publicationCreator>
		<situation id="hu_UTINFORM_4421296" version="2">
			<situationVersionTime>2022-03-08T14:41:48+01:00</situationVersionTime>
			<headerInformation>
				<confidentiality>noRestriction</confidentiality>
				<informationStatus>real</informationStatus>
				<urgency>urgent</urgency>
			</headerInformation>
			<situationRecord xsi:type="ConstructionWorks" id="hu_UTINFORM_4421296_1" version="2">
				<situationRecordCreationReference>IVDS</situationRecordCreationReference>
				<situationRecordCreationTime>2022-03-07T14:34:19+01:00</situationRecordCreationTime>
				<situationRecordVersionTime>2022-03-08T14:41:48+01:00</situationRecordVersionTime>
				<probabilityOfOccurrence>certain</probabilityOfOccurrence>
				<source>
					<sourceCountry>hu</sourceCountry>
					<sourceIdentification>Útinform</sourceIdentification>
					<sourceName>
						<values>
							<value lang="hu">VÁCI mérnökség</value>
						</values>
					</sourceName>
					<reliable>true</reliable>
				</source>
				<validity>
					<validityStatus>definedByValidityTimeSpec</validityStatus>
					<validityTimeSpecification>
						<overallStartTime>2022-03-07T08:30:00+01:00</overallStartTime>
						<overallEndTime>2022-03-09T15:30:00+01:00</overallEndTime>
					</validityTimeSpecification>
				</validity>
				<impact>
					<capacityRemaining>75.0</capacityRemaining>
					<numberOfLanesRestricted>1</numberOfLanesRestricted>
					<numberOfOperationalLanes>3</numberOfOperationalLanes>
					<originalNumberOfLanes>4</originalNumberOfLanes>
				</impact>
				<groupOfLocations xsi:type="Linear">
					<groupOfLocationsExtension/>
					<locationForDisplay>
						<latitude>47.78002</latitude>
						<longitude>19.131823</longitude>
					</locationForDisplay>
					<linearWithinLinearElement>
						<directionRelativeOnLinearSection>both</directionRelativeOnLinearSection>
						<linearElement xsi:type="LinearElementByPoints">
							<roadName>
								<values>
									<value lang="hu">2</value>
								</values>
							</roadName>
							<roadNumber>2</roadNumber>
							<linearElementReferenceModel>DSM-10</linearElementReferenceModel>
							<linearElementReferenceModelVersion>1</linearElementReferenceModelVersion>
							<linearElementNature>road</linearElementNature>
							<startPointOfLinearElement>
								<referentIdentifier>34</referentIdentifier>
								<referentType>referenceMarker</referentType>
								<pointCoordinates>
									<latitude>47.78002</latitude>
									<longitude>19.131823</longitude>
								</pointCoordinates>
							</startPointOfLinearElement>
							<endPointOfLinearElement>
								<referentIdentifier>34</referentIdentifier>
								<referentType>referenceMarker</referentType>
								<pointCoordinates>
									<latitude>47.780464</latitude>
									<longitude>19.130695</longitude>
								</pointCoordinates>
							</endPointOfLinearElement>
						</linearElement>
						<fromPoint xsi:type="DistanceFromLinearElementReferent">
							<distanceAlong>700.0</distanceAlong>
							<fromReferent>
								<referentIdentifier>34</referentIdentifier>
								<referentType>referenceMarker</referentType>
								<pointCoordinates>
									<latitude>47.78002</latitude>
									<longitude>19.131823</longitude>
								</pointCoordinates>
							</fromReferent>
						</fromPoint>
						<toPoint xsi:type="DistanceFromLinearElementReferent">
							<distanceAlong>800.0</distanceAlong>
							<fromReferent>
								<referentIdentifier>34</referentIdentifier>
								<referentType>referenceMarker</referentType>
								<pointCoordinates>
									<latitude>47.780464</latitude>
									<longitude>19.130695</longitude>
								</pointCoordinates>
							</fromReferent>
						</toPoint>
					</linearWithinLinearElement>
					<linearExtension>
						<openlrExtendedLinear>
							<firstDirection>
								<openlrLocationReferencePoint>
									<openlrCoordinate>
										<latitude>47.76459</latitude>
										<longitude>19.14033</longitude>
									</openlrCoordinate>
									<openlrLineAttributes>
										<openlrFunctionalRoadClass>FRC1</openlrFunctionalRoadClass>
										<openlrFormOfWay>singleCarriageway</openlrFormOfWay>
										<openlrBearing>354</openlrBearing>
									</openlrLineAttributes>
									<openlrPathAttributes>
										<openlrLowestFRCToNextLRPoint>FRC1</openlrLowestFRCToNextLRPoint>
										<openlrDistanceToNextLRPoint>2504</openlrDistanceToNextLRPoint>
									</openlrPathAttributes>
								</openlrLocationReferencePoint>
								<openlrLastLocationReferencePoint>
									<openlrCoordinate>
										<latitude>47.78238</latitude>
										<longitude>19.12542</longitude>
									</openlrCoordinate>
									<openlrLineAttributes>
										<openlrFunctionalRoadClass>FRC1</openlrFunctionalRoadClass>
										<openlrFormOfWay>singleCarriageway</openlrFormOfWay>
										<openlrBearing>132</openlrBearing>
									</openlrLineAttributes>
								</openlrLastLocationReferencePoint>
								<openlrOffsets>
									<openlrPositiveOffset>1953</openlrPositiveOffset>
									<openlrNegativeOffset>451</openlrNegativeOffset>
								</openlrOffsets>
							</firstDirection>
						</openlrExtendedLinear>
					</linearExtension>
				</groupOfLocations>
				<mobility>
					<mobilityType>stationary</mobilityType>
				</mobility>
				<subjects>
					<subjectTypeOfWorks>waterMain</subjectTypeOfWorks>
				</subjects>
				<constructionWorkType>constructionWork</constructionWorkType>
			</situationRecord>
			<situationRecord xsi:type="RoadOrCarriagewayOrLaneManagement" id="hu_UTINFORM_4421296_2" version="2">
				<situationRecordCreationReference>IVDS</situationRecordCreationReference>
				<situationRecordCreationTime>2022-03-07T14:34:19+01:00</situationRecordCreationTime>
				<situationRecordVersionTime>2022-03-08T14:41:48+01:00</situationRecordVersionTime>
				<probabilityOfOccurrence>certain</probabilityOfOccurrence>
				<source>
					<sourceCountry>hu</sourceCountry>
					<sourceIdentification>Útinform</sourceIdentification>
					<sourceName>
						<values>
							<value lang="hu">VÁCI mérnökség</value>
						</values>
					</sourceName>
					<reliable>true</reliable>
				</source>
				<validity>
					<validityStatus>definedByValidityTimeSpec</validityStatus>
					<validityTimeSpecification>
						<overallStartTime>2022-03-07T08:30:00+01:00</overallStartTime>
						<overallEndTime>2022-03-09T15:30:00+01:00</overallEndTime>
					</validityTimeSpecification>
				</validity>
				<impact>
					<capacityRemaining>75.0</capacityRemaining>
					<numberOfLanesRestricted>1</numberOfLanesRestricted>
					<numberOfOperationalLanes>3</numberOfOperationalLanes>
					<originalNumberOfLanes>4</originalNumberOfLanes>
				</impact>
				<groupOfLocations xsi:type="Linear">
					<groupOfLocationsExtension/>
					<locationForDisplay>
						<latitude>47.78002</latitude>
						<longitude>19.131823</longitude>
					</locationForDisplay>
					<linearWithinLinearElement>
						<directionRelativeOnLinearSection>both</directionRelativeOnLinearSection>
						<linearElement xsi:type="LinearElementByPoints">
							<roadName>
								<values>
									<value lang="hu">2</value>
								</values>
							</roadName>
							<roadNumber>2</roadNumber>
							<linearElementReferenceModel>DSM-10</linearElementReferenceModel>
							<linearElementReferenceModelVersion>1</linearElementReferenceModelVersion>
							<linearElementNature>road</linearElementNature>
							<startPointOfLinearElement>
								<referentIdentifier>34</referentIdentifier>
								<referentType>referenceMarker</referentType>
								<pointCoordinates>
									<latitude>47.78002</latitude>
									<longitude>19.131823</longitude>
								</pointCoordinates>
							</startPointOfLinearElement>
							<endPointOfLinearElement>
								<referentIdentifier>34</referentIdentifier>
								<referentType>referenceMarker</referentType>
								<pointCoordinates>
									<latitude>47.780464</latitude>
									<longitude>19.130695</longitude>
								</pointCoordinates>
							</endPointOfLinearElement>
						</linearElement>
						<fromPoint xsi:type="DistanceFromLinearElementReferent">
							<distanceAlong>700.0</distanceAlong>
							<fromReferent>
								<referentIdentifier>34</referentIdentifier>
								<referentType>referenceMarker</referentType>
								<pointCoordinates>
									<latitude>47.78002</latitude>
									<longitude>19.131823</longitude>
								</pointCoordinates>
							</fromReferent>
						</fromPoint>
						<toPoint xsi:type="DistanceFromLinearElementReferent">
							<distanceAlong>800.0</distanceAlong>
							<fromReferent>
								<referentIdentifier>34</referentIdentifier>
								<referentType>referenceMarker</referentType>
								<pointCoordinates>
									<latitude>47.780464</latitude>
									<longitude>19.130695</longitude>
								</pointCoordinates>
							</fromReferent>
						</toPoint>
					</linearWithinLinearElement>
					<linearExtension>
						<openlrExtendedLinear>
							<firstDirection>
								<openlrLocationReferencePoint>
									<openlrCoordinate>
										<latitude>47.76459</latitude>
										<longitude>19.14033</longitude>
									</openlrCoordinate>
									<openlrLineAttributes>
										<openlrFunctionalRoadClass>FRC1</openlrFunctionalRoadClass>
										<openlrFormOfWay>singleCarriageway</openlrFormOfWay>
										<openlrBearing>354</openlrBearing>
									</openlrLineAttributes>
									<openlrPathAttributes>
										<openlrLowestFRCToNextLRPoint>FRC1</openlrLowestFRCToNextLRPoint>
										<openlrDistanceToNextLRPoint>2504</openlrDistanceToNextLRPoint>
									</openlrPathAttributes>
								</openlrLocationReferencePoint>
								<openlrLastLocationReferencePoint>
									<openlrCoordinate>
										<latitude>47.78238</latitude>
										<longitude>19.12542</longitude>
									</openlrCoordinate>
									<openlrLineAttributes>
										<openlrFunctionalRoadClass>FRC1</openlrFunctionalRoadClass>
										<openlrFormOfWay>singleCarriageway</openlrFormOfWay>
										<openlrBearing>132</openlrBearing>
									</openlrLineAttributes>
								</openlrLastLocationReferencePoint>
								<openlrOffsets>
									<openlrPositiveOffset>1953</openlrPositiveOffset>
									<openlrNegativeOffset>451</openlrNegativeOffset>
								</openlrOffsets>
							</firstDirection>
						</openlrExtendedLinear>
					</linearExtension>
				</groupOfLocations>
				<complianceOption>mandatory</complianceOption>
				<roadOrCarriagewayOrLaneManagementType>narrowLanes</roadOrCarriagewayOrLaneManagementType>
			</situationRecord>
			<situationRecord xsi:type="GeneralNetworkManagement" id="hu_UTINFORM_4421296_3" version="2">
				<situationRecordCreationReference>IVDS</situationRecordCreationReference>
				<situationRecordCreationTime>2022-03-07T14:34:19+01:00</situationRecordCreationTime>
				<situationRecordVersionTime>2022-03-08T14:41:48+01:00</situationRecordVersionTime>
				<probabilityOfOccurrence>certain</probabilityOfOccurrence>
				<source>
					<sourceCountry>hu</sourceCountry>
					<sourceIdentification>Útinform</sourceIdentification>
					<sourceName>
						<values>
							<value lang="hu">VÁCI mérnökség</value>
						</values>
					</sourceName>
					<reliable>true</reliable>
				</source>
				<validity>
					<validityStatus>definedByValidityTimeSpec</validityStatus>
					<validityTimeSpecification>
						<overallStartTime>2022-03-07T08:30:00+01:00</overallStartTime>
						<overallEndTime>2022-03-09T15:30:00+01:00</overallEndTime>
					</validityTimeSpecification>
				</validity>
				<impact>
					<capacityRemaining>75.0</capacityRemaining>
					<numberOfLanesRestricted>1</numberOfLanesRestricted>
					<numberOfOperationalLanes>3</numberOfOperationalLanes>
					<originalNumberOfLanes>4</originalNumberOfLanes>
				</impact>
				<groupOfLocations xsi:type="Linear">
					<groupOfLocationsExtension/>
					<locationForDisplay>
						<latitude>47.78002</latitude>
						<longitude>19.131823</longitude>
					</locationForDisplay>
					<linearWithinLinearElement>
						<directionRelativeOnLinearSection>both</directionRelativeOnLinearSection>
						<linearElement xsi:type="LinearElementByPoints">
							<roadName>
								<values>
									<value lang="hu">2</value>
								</values>
							</roadName>
							<roadNumber>2</roadNumber>
							<linearElementReferenceModel>DSM-10</linearElementReferenceModel>
							<linearElementReferenceModelVersion>1</linearElementReferenceModelVersion>
							<linearElementNature>road</linearElementNature>
							<startPointOfLinearElement>
								<referentIdentifier>34</referentIdentifier>
								<referentType>referenceMarker</referentType>
								<pointCoordinates>
									<latitude>47.78002</latitude>
									<longitude>19.131823</longitude>
								</pointCoordinates>
							</startPointOfLinearElement>
							<endPointOfLinearElement>
								<referentIdentifier>34</referentIdentifier>
								<referentType>referenceMarker</referentType>
								<pointCoordinates>
									<latitude>47.780464</latitude>
									<longitude>19.130695</longitude>
								</pointCoordinates>
							</endPointOfLinearElement>
						</linearElement>
						<fromPoint xsi:type="DistanceFromLinearElementReferent">
							<distanceAlong>700.0</distanceAlong>
							<fromReferent>
								<referentIdentifier>34</referentIdentifier>
								<referentType>referenceMarker</referentType>
								<pointCoordinates>
									<latitude>47.78002</latitude>
									<longitude>19.131823</longitude>
								</pointCoordinates>
							</fromReferent>
						</fromPoint>
						<toPoint xsi:type="DistanceFromLinearElementReferent">
							<distanceAlong>800.0</distanceAlong>
							<fromReferent>
								<referentIdentifier>34</referentIdentifier>
								<referentType>referenceMarker</referentType>
								<pointCoordinates>
									<latitude>47.780464</latitude>
									<longitude>19.130695</longitude>
								</pointCoordinates>
							</fromReferent>
						</toPoint>
					</linearWithinLinearElement>
					<linearExtension>
						<openlrExtendedLinear>
							<firstDirection>
								<openlrLocationReferencePoint>
									<openlrCoordinate>
										<latitude>47.76459</latitude>
										<longitude>19.14033</longitude>
									</openlrCoordinate>
									<openlrLineAttributes>
										<openlrFunctionalRoadClass>FRC1</openlrFunctionalRoadClass>
										<openlrFormOfWay>singleCarriageway</openlrFormOfWay>
										<openlrBearing>354</openlrBearing>
									</openlrLineAttributes>
									<openlrPathAttributes>
										<openlrLowestFRCToNextLRPoint>FRC1</openlrLowestFRCToNextLRPoint>
										<openlrDistanceToNextLRPoint>2504</openlrDistanceToNextLRPoint>
									</openlrPathAttributes>
								</openlrLocationReferencePoint>
								<openlrLastLocationReferencePoint>
									<openlrCoordinate>
										<latitude>47.78238</latitude>
										<longitude>19.12542</longitude>
									</openlrCoordinate>
									<openlrLineAttributes>
										<openlrFunctionalRoadClass>FRC1</openlrFunctionalRoadClass>
										<openlrFormOfWay>singleCarriageway</openlrFormOfWay>
										<openlrBearing>132</openlrBearing>
									</openlrLineAttributes>
								</openlrLastLocationReferencePoint>
								<openlrOffsets>
									<openlrPositiveOffset>1953</openlrPositiveOffset>
									<openlrNegativeOffset>451</openlrNegativeOffset>
								</openlrOffsets>
							</firstDirection>
						</openlrExtendedLinear>
					</linearExtension>
				</groupOfLocations>
				<complianceOption>mandatory</complianceOption>
				<generalNetworkManagementType>obstacleSignalling</generalNetworkManagementType>
			</situationRecord>
			<situationRecord xsi:type="SpeedManagement" id="hu_UTINFORM_4421296_4" version="2">
				<situationRecordCreationReference>IVDS</situationRecordCreationReference>
				<situationRecordCreationTime>2022-03-07T14:34:19+01:00</situationRecordCreationTime>
				<situationRecordVersionTime>2022-03-08T14:41:48+01:00</situationRecordVersionTime>
				<probabilityOfOccurrence>certain</probabilityOfOccurrence>
				<source>
					<sourceCountry>hu</sourceCountry>
					<sourceIdentification>Útinform</sourceIdentification>
					<sourceName>
						<values>
							<value lang="hu">VÁCI mérnökség</value>
						</values>
					</sourceName>
					<reliable>true</reliable>
				</source>
				<validity>
					<validityStatus>definedByValidityTimeSpec</validityStatus>
					<validityTimeSpecification>
						<overallStartTime>2022-03-07T08:30:00+01:00</overallStartTime>
						<overallEndTime>2022-03-09T15:30:00+01:00</overallEndTime>
					</validityTimeSpecification>
				</validity>
				<impact>
					<capacityRemaining>75.0</capacityRemaining>
					<numberOfLanesRestricted>1</numberOfLanesRestricted>
					<numberOfOperationalLanes>3</numberOfOperationalLanes>
					<originalNumberOfLanes>4</originalNumberOfLanes>
				</impact>
				<groupOfLocations xsi:type="Linear">
					<groupOfLocationsExtension/>
					<locationForDisplay>
						<latitude>47.78002</latitude>
						<longitude>19.131823</longitude>
					</locationForDisplay>
					<linearWithinLinearElement>
						<directionRelativeOnLinearSection>both</directionRelativeOnLinearSection>
						<linearElement xsi:type="LinearElementByPoints">
							<roadName>
								<values>
									<value lang="hu">2</value>
								</values>
							</roadName>
							<roadNumber>2</roadNumber>
							<linearElementReferenceModel>DSM-10</linearElementReferenceModel>
							<linearElementReferenceModelVersion>1</linearElementReferenceModelVersion>
							<linearElementNature>road</linearElementNature>
							<startPointOfLinearElement>
								<referentIdentifier>34</referentIdentifier>
								<referentType>referenceMarker</referentType>
								<pointCoordinates>
									<latitude>47.78002</latitude>
									<longitude>19.131823</longitude>
								</pointCoordinates>
							</startPointOfLinearElement>
							<endPointOfLinearElement>
								<referentIdentifier>34</referentIdentifier>
								<referentType>referenceMarker</referentType>
								<pointCoordinates>
									<latitude>47.780464</latitude>
									<longitude>19.130695</longitude>
								</pointCoordinates>
							</endPointOfLinearElement>
						</linearElement>
						<fromPoint xsi:type="DistanceFromLinearElementReferent">
							<distanceAlong>700.0</distanceAlong>
							<fromReferent>
								<referentIdentifier>34</referentIdentifier>
								<referentType>referenceMarker</referentType>
								<pointCoordinates>
									<latitude>47.78002</latitude>
									<longitude>19.131823</longitude>
								</pointCoordinates>
							</fromReferent>
						</fromPoint>
						<toPoint xsi:type="DistanceFromLinearElementReferent">
							<distanceAlong>800.0</distanceAlong>
							<fromReferent>
								<referentIdentifier>34</referentIdentifier>
								<referentType>referenceMarker</referentType>
								<pointCoordinates>
									<latitude>47.780464</latitude>
									<longitude>19.130695</longitude>
								</pointCoordinates>
							</fromReferent>
						</toPoint>
					</linearWithinLinearElement>
					<linearExtension>
						<openlrExtendedLinear>
							<firstDirection>
								<openlrLocationReferencePoint>
									<openlrCoordinate>
										<latitude>47.76459</latitude>
										<longitude>19.14033</longitude>
									</openlrCoordinate>
									<openlrLineAttributes>
										<openlrFunctionalRoadClass>FRC1</openlrFunctionalRoadClass>
										<openlrFormOfWay>singleCarriageway</openlrFormOfWay>
										<openlrBearing>354</openlrBearing>
									</openlrLineAttributes>
									<openlrPathAttributes>
										<openlrLowestFRCToNextLRPoint>FRC1</openlrLowestFRCToNextLRPoint>
										<openlrDistanceToNextLRPoint>2504</openlrDistanceToNextLRPoint>
									</openlrPathAttributes>
								</openlrLocationReferencePoint>
								<openlrLastLocationReferencePoint>
									<openlrCoordinate>
										<latitude>47.78238</latitude>
										<longitude>19.12542</longitude>
									</openlrCoordinate>
									<openlrLineAttributes>
										<openlrFunctionalRoadClass>FRC1</openlrFunctionalRoadClass>
										<openlrFormOfWay>singleCarriageway</openlrFormOfWay>
										<openlrBearing>132</openlrBearing>
									</openlrLineAttributes>
								</openlrLastLocationReferencePoint>
								<openlrOffsets>
									<openlrPositiveOffset>1953</openlrPositiveOffset>
									<openlrNegativeOffset>451</openlrNegativeOffset>
								</openlrOffsets>
							</firstDirection>
						</openlrExtendedLinear>
					</linearExtension>
				</groupOfLocations>
				<complianceOption>mandatory</complianceOption>
				<speedManagementType>speedRestrictionInOperation</speedManagementType>
				<temporarySpeedLimit>30.0</temporarySpeedLimit>
			</situationRecord>
		</situation>
	</payloadPublication>
</d2LogicalModel>