<?xml version="1.0" encoding="UTF-8" standalone="yes"?>
<d2LogicalModel modelBaseVersion="2" xmlns="http://datex2.eu/schema/2/2_0">
	<exchange>
		<supplierIdentification>
			<country>hu</country>
			<nationalIdentifier>UTINFORM-2</nationalIdentifier>
		</supplierIdentification>
	</exchange>
	<payloadPublication xsi:type="SituationPublication" lang="hu" xmlns:xsi="http://www.w3.org/2001/XMLSchema-instance">
		<publicationTime>2022-03-08T13:12:25+01:00</publicationTime>
		<publicationCreator>
			<country>hu</country>
			<nationalIdentifier>UTINFORM-2</nationalIdentifier>
		</publicationCreator>
		<situation id="hu_UTINFORM_4421322" version="1">
			<situationVersionTime>2022-03-08T05:56:08+01:00</situationVersionTime>
			<headerInformation>
				<confidentiality>noRestriction</confidentiality>
				<informationStatus>real</informationStatus>
				<urgency>urgent</urgency>
			</headerInformation>
			<situationRecord xsi:type="MaintenanceWorks" id="hu_UTINFORM_4421322_1" version="1">
				<situationRecordCreationReference>IVDS</situationRecordCreationReference>
				<situationRecordCreationTime>2022-03-08T05:56:08+01:00</situationRecordCreationTime>
				<situationRecordVersionTime>2022-03-08T05:56:08+01:00</situationRecordVersionTime>
				<probabilityOfOccurrence>certain</probabilityOfOccurrence>
				<source>
					<sourceCountry>hu</sourceCountry>
					<sourceIdentification>Útinform</sourceIdentification>
					<sourceName>
						<values>
							<value lang="hu">DABASI mérnökség</value>
						</values>
					</sourceName>
					<reliable>true</reliable>
				</source>
				<validity>
					<validityStatus>definedByValidityTimeSpec</validityStatus>
					<validityTimeSpecification>
						<overallStartTime>2022-03-08T07:30:00+01:00</overallStartTime>
						<overallEndTime>2022-03-08T15:00:00+01:00</overallEndTime>
					</validityTimeSpecification>
				</validity>
				<impact>
					<capacityRemaining>75.0</capacityRemaining>
				</impact>
				<groupOfLocations xsi:type="Linear">
					<groupOfLocationsExtension/>
					<locationForDisplay>
						<latitude>47.172737</latitude>
						<longitude>18.998402</longitude>
					</locationForDisplay>
					<linearWithinLinearElement>
						<directionRelativeOnLinearSection>both</directionRelativeOnLinearSection>
						<linearElement xsi:type="LinearElementByPoints">
							<roadName>
								<values>
									<value lang="hu">51117</value>
								</values>
							</roadName>
							<roadNumber>51117</roadNumber>
							<linearElementReferenceModel>DSM-10</linearElementReferenceModel>
							<linearElementReferenceModelVersion>1</linearElementReferenceModelVersion>
							<linearElementNature>road</linearElementNature>
							<startPointOfLinearElement>
								<referentIdentifier>0</referentIdentifier>
								<referentType>referenceMarker</referentType>
								<pointCoordinates>
									<latitude>47.172737</latitude>
									<longitude>18.998402</longitude>
								</pointCoordinates>
							</startPointOfLinearElement>
							<endPointOfLinearElement>
								<referentIdentifier>1</referentIdentifier>
								<referentType>referenceMarker</referentType>
								<pointCoordinates>
									<latitude>47.15961</latitude>
									<longitude>18.998478</longitude>
								</pointCoordinates>
							</endPointOfLinearElement>
						</linearElement>
						<fromPoint xsi:type="DistanceFromLinearElementReferent">
							<distanceAlong>0.0</distanceAlong>
							<fromReferent>
								<referentIdentifier>0</referentIdentifier>
								<referentType>referenceMarker</referentType>
								<pointCoordinates>
									<latitude>47.172737</latitude>
									<longitude>18.998402</longitude>
								</pointCoordinates>
							</fromReferent>
						</fromPoint>
						<toPoint xsi:type="DistanceFromLinearElementReferent">
							<distanceAlong>484.0</distanceAlong>
							<fromReferent>
								<referentIdentifier>1</referentIdentifier>
								<referentType>referenceMarker</referentType>
								<pointCoordinates>
									<latitude>47.15961</latitude>
									<longitude>18.998478</longitude>
								</pointCoordinates>
							</fromReferent>
						</toPoint>
					</linearWithinLinearElement>
					<linearExtension>
						<openlrExtendedLinear>
							<firstDirection>
								<openlrLocationReferencePoint>
									<openlrCoordinate>
										<latitude>47.17274</latitude>
										<longitude>18.9984</longitude>
									</openlrCoordinate>
									<openlrLineAttributes>
										<openlrFunctionalRoadClass>FRC4</openlrFunctionalRoadClass>
										<openlrFormOfWay>singleCarriageway</openlrFormOfWay>
										<openlrBearing>193</openlrBearing>
									</openlrLineAttributes>
									<openlrPathAttributes>
										<openlrLowestFRCToNextLRPoint>FRC4</openlrLowestFRCToNextLRPoint>
										<openlrDistanceToNextLRPoint>1484</openlrDistanceToNextLRPoint>
									</openlrPathAttributes>
								</openlrLocationReferencePoint>
								<openlrLastLocationReferencePoint>
									<openlrCoordinate>
										<latitude>47.15961</latitude>
										<longitude>18.99848</longitude>
									</openlrCoordinate>
									<openlrLineAttributes>
										<openlrFunctionalRoadClass>FRC4</openlrFunctionalRoadClass>
										<openlrFormOfWay>singleCarriageway</openlrFormOfWay>
										<openlrBearing>286</openlrBearing>
									</openlrLineAttributes>
								</openlrLastLocationReferencePoint>
								<openlrOffsets>
									<openlrPositiveOffset>0</openlrPositiveOffset>
									<openlrNegativeOffset>0</openlrNegativeOffset>
								</openlrOffsets>
							</firstDirection>
						</openlrExtendedLinear>
					</linearExtension>
				</groupOfLocations>
				<mobility>
					<mobilityType>stationary</mobilityType>
				</mobility>
				<roadMaintenanceType>repairWork</roadMaintenanceType>
				<maintenanceWorksExtension>
					<mkMaintenanceWorks>
						<limitationType>potholeFillingWork</limitationType>
					</mkMaintenanceWorks>
				</maintenanceWorksExtension>
			</situationRecord>
			<situationRecord xsi:type="RoadOrCarriagewayOrLaneManagement" id="hu_UTINFORM_4421322_2" version="1">
				<situationRecordCreationReference>IVDS</situationRecordCreationReference>
				<situationRecordCreationTime>2022-03-08T05:56:08+01:00</situationRecordCreationTime>
				<situationRecordVersionTime>2022-03-08T05:56:08+01:00</situationRecordVersionTime>
				<probabilityOfOccurrence>certain</probabilityOfOccurrence>
				<source>
					<sourceCountry>hu</sourceCountry>
					<sourceIdentification>Útinform</sourceIdentification>
					<sourceName>
						<values>
							<value lang="hu">DABASI mérnökség</value>
						</values>
					</sourceName>
					<reliable>true</reliable>
				</source>
				<validity>
					<validityStatus>definedByValidityTimeSpec</validityStatus>
					<validityTimeSpecification>
						<overallStartTime>2022-03-08T07:30:00+01:00</overallStartTime>
						<overallEndTime>2022-03-08T15:00:00+01:00</overallEndTime>
					</validityTimeSpecification>
				</validity>
				<impact>
					<capacityRemaining>75.0</capacityRemaining>
				</impact>
				<groupOfLocations xsi:type="Linear">
					<groupOfLocationsExtension/>
					<locationForDisplay>
						<latitude>47.172737</latitude>
						<longitude>18.998402</longitude>
					</locationForDisplay>
					<linearWithinLinearElement>
						<directionRelativeOnLinearSection>both</directionRelativeOnLinearSection>
						<linearElement xsi:type="LinearElementByPoints">
							<roadName>
								<values>
									<value lang="hu">51117</value>
								</values>
							</roadName>
							<roadNumber>51117</roadNumber>
							<linearElementReferenceModel>DSM-10</linearElementReferenceModel>
							<linearElementReferenceModelVersion>1</linearElementReferenceModelVersion>
							<linearElementNature>road</linearElementNature>
							<startPointOfLinearElement>
								<referentIdentifier>0</referentIdentifier>
								<referentType>referenceMarker</referentType>
								<pointCoordinates>
									<latitude>47.172737</latitude>
									<longitude>18.998402</longitude>
								</pointCoordinates>
							</startPointOfLinearElement>
							<endPointOfLinearElement>
								<referentIdentifier>1</referentIdentifier>
								<referentType>referenceMarker</referentType>
								<pointCoordinates>
									<latitude>47.15961</latitude>
									<longitude>18.998478</longitude>
								</pointCoordinates>
							</endPointOfLinearElement>
						</linearElement>
						<fromPoint xsi:type="DistanceFromLinearElementReferent">
							<distanceAlong>0.0</distanceAlong>
							<fromReferent>
								<referentIdentifier>0</referentIdentifier>
								<referentType>referenceMarker</referentType>
								<pointCoordinates>
									<latitude>47.172737</latitude>
									<longitude>18.998402</longitude>
								</pointCoordinates>
							</fromReferent>
						</fromPoint>
						<toPoint xsi:type="DistanceFromLinearElementReferent">
							<distanceAlong>484.0</distanceAlong>
							<fromReferent>
								<referentIdentifier>1</referentIdentifier>
								<referentType>referenceMarker</referentType>
								<pointCoordinates>
									<latitude>47.15961</latitude>
									<longitude>18.998478</longitude>
								</pointCoordinates>
							</fromReferent>
						</toPoint>
					</linearWithinLinearElement>
					<linearExtension>
						<openlrExtendedLinear>
							<firstDirection>
								<openlrLocationReferencePoint>
									<openlrCoordinate>
										<latitude>47.17274</latitude>
										<longitude>18.9984</longitude>
									</openlrCoordinate>
									<openlrLineAttributes>
										<openlrFunctionalRoadClass>FRC4</openlrFunctionalRoadClass>
										<openlrFormOfWay>singleCarriageway</openlrFormOfWay>
										<openlrBearing>193</openlrBearing>
									</openlrLineAttributes>
									<openlrPathAttributes>
										<openlrLowestFRCToNextLRPoint>FRC4</openlrLowestFRCToNextLRPoint>
										<openlrDistanceToNextLRPoint>1484</openlrDistanceToNextLRPoint>
									</openlrPathAttributes>
								</openlrLocationReferencePoint>
								<openlrLastLocationReferencePoint>
									<openlrCoordinate>
										<latitude>47.15961</latitude>
										<longitude>18.99848</longitude>
									</openlrCoordinate>
									<openlrLineAttributes>
										<openlrFunctionalRoadClass>FRC4</openlrFunctionalRoadClass>
										<openlrFormOfWay>singleCarriageway</openlrFormOfWay>
										<openlrBearing>286</openlrBearing>
									</openlrLineAttributes>
								</openlrLastLocationReferencePoint>
								<openlrOffsets>
									<openlrPositiveOffset>0</openlrPositiveOffset>
									<openlrNegativeOffset>0</openlrNegativeOffset>
								</openlrOffsets>
							</firstDirection>
						</openlrExtendedLinear>
					</linearExtension>
				</groupOfLocations>
				<complianceOption>mandatory</complianceOption>
				<roadOrCarriagewayOrLaneManagementType>narrowLanes</roadOrCarriagewayOrLaneManagementType>
			</situationRecord>
			<situationRecord xsi:type="GeneralNetworkManagement" id="hu_UTINFORM_4421322_3" version="1">
				<situationRecordCreationReference>IVDS</situationRecordCreationReference>
				<situationRecordCreationTime>2022-03-08T05:56:08+01:00</situationRecordCreationTime>
				<situationRecordVersionTime>2022-03-08T05:56:08+01:00</situationRecordVersionTime>
				<probabilityOfOccurrence>certain</probabilityOfOccurrence>
				<source>
					<sourceCountry>hu</sourceCountry>
					<sourceIdentification>Útinform</sourceIdentification>
					<sourceName>
						<values>
							<value lang="hu">DABASI mérnökség</value>
						</values>
					</sourceName>
					<reliable>true</reliable>
				</source>
				<validity>
					<validityStatus>definedByValidityTimeSpec</validityStatus>
					<validityTimeSpecification>
						<overallStartTime>2022-03-08T07:30:00+01:00</overallStartTime>
						<overallEndTime>2022-03-08T15:00:00+01:00</overallEndTime>
					</validityTimeSpecification>
				</validity>
				<impact>
					<capacityRemaining>75.0</capacityRemaining>
				</impact>
				<groupOfLocations xsi:type="Linear">
					<groupOfLocationsExtension/>
					<locationForDisplay>
						<latitude>47.172737</latitude>
						<longitude>18.998402</longitude>
					</locationForDisplay>
					<linearWithinLinearElement>
						<directionRelativeOnLinearSection>both</directionRelativeOnLinearSection>
						<linearElement xsi:type="LinearElementByPoints">
							<roadName>
								<values>
									<value lang="hu">51117</value>
								</values>
							</roadName>
							<roadNumber>51117</roadNumber>
							<linearElementReferenceModel>DSM-10</linearElementReferenceModel>
							<linearElementReferenceModelVersion>1</linearElementReferenceModelVersion>
							<linearElementNature>road</linearElementNature>
							<startPointOfLinearElement>
								<referentIdentifier>0</referentIdentifier>
								<referentType>referenceMarker</referentType>
								<pointCoordinates>
									<latitude>47.172737</latitude>
									<longitude>18.998402</longitude>
								</pointCoordinates>
							</startPointOfLinearElement>
							<endPointOfLinearElement>
								<referentIdentifier>1</referentIdentifier>
								<referentType>referenceMarker</referentType>
								<pointCoordinates>
									<latitude>47.15961</latitude>
									<longitude>18.998478</longitude>
								</pointCoordinates>
							</endPointOfLinearElement>
						</linearElement>
						<fromPoint xsi:type="DistanceFromLinearElementReferent">
							<distanceAlong>0.0</distanceAlong>
							<fromReferent>
								<referentIdentifier>0</referentIdentifier>
								<referentType>referenceMarker</referentType>
								<pointCoordinates>
									<latitude>47.172737</latitude>
									<longitude>18.998402</longitude>
								</pointCoordinates>
							</fromReferent>
						</fromPoint>
						<toPoint xsi:type="DistanceFromLinearElementReferent">
							<distanceAlong>484.0</distanceAlong>
							<fromReferent>
								<referentIdentifier>1</referentIdentifier>
								<referentType>referenceMarker</referentType>
								<pointCoordinates>
									<latitude>47.15961</latitude>
									<longitude>18.998478</longitude>
								</pointCoordinates>
							</fromReferent>
						</toPoint>
					</linearWithinLinearElement>
					<linearExtension>
						<openlrExtendedLinear>
							<firstDirection>
								<openlrLocationReferencePoint>
									<openlrCoordinate>
										<latitude>47.17274</latitude>
										<longitude>18.9984</longitude>
									</openlrCoordinate>
									<openlrLineAttributes>
										<openlrFunctionalRoadClass>FRC4</openlrFunctionalRoadClass>
										<openlrFormOfWay>singleCarriageway</openlrFormOfWay>
										<openlrBearing>193</openlrBearing>
									</openlrLineAttributes>
									<openlrPathAttributes>
										<openlrLowestFRCToNextLRPoint>FRC4</openlrLowestFRCToNextLRPoint>
										<openlrDistanceToNextLRPoint>1484</openlrDistanceToNextLRPoint>
									</openlrPathAttributes>
								</openlrLocationReferencePoint>
								<openlrLastLocationReferencePoint>
									<openlrCoordinate>
										<latitude>47.15961</latitude>
										<longitude>18.99848</longitude>
									</openlrCoordinate>
									<openlrLineAttributes>
										<openlrFunctionalRoadClass>FRC4</openlrFunctionalRoadClass>
										<openlrFormOfWay>singleCarriageway</openlrFormOfWay>
										<openlrBearing>286</openlrBearing>
									</openlrLineAttributes>
								</openlrLastLocationReferencePoint>
								<openlrOffsets>
									<openlrPositiveOffset>0</openlrPositiveOffset>
									<openlrNegativeOffset>0</openlrNegativeOffset>
								</openlrOffsets>
							</firstDirection>
						</openlrExtendedLinear>
					</linearExtension>
				</groupOfLocations>
				<complianceOption>mandatory</complianceOption>
				<generalNetworkManagementType>obstacleSignalling</generalNetworkManagementType>
			</situationRecord>
			<situationRecord xsi:type="SpeedManagement" id="hu_UTINFORM_4421322_4" version="1">
				<situationRecordCreationReference>IVDS</situationRecordCreationReference>
				<situationRecordCreationTime>2022-03-08T05:56:08+01:00</situationRecordCreationTime>
				<situationRecordVersionTime>2022-03-08T05:56:08+01:00</situationRecordVersionTime>
				<probabilityOfOccurrence>certain</probabilityOfOccurrence>
				<source>
					<sourceCountry>hu</sourceCountry>
					<sourceIdentification>Útinform</sourceIdentification>
					<sourceName>
						<values>
							<value lang="hu">DABASI mérnökség</value>
						</values>
					</sourceName>
					<reliable>true</reliable>
				</source>
				<validity>
					<validityStatus>definedByValidityTimeSpec</validityStatus>
					<validityTimeSpecification>
						<overallStartTime>2022-03-08T07:30:00+01:00</overallStartTime>
						<overallEndTime>2022-03-08T15:00:00+01:00</overallEndTime>
					</validityTimeSpecification>
				</validity>
				<impact>
					<capacityRemaining>75.0</capacityRemaining>
				</impact>
				<groupOfLocations xsi:type="Linear">
					<groupOfLocationsExtension/>
					<locationForDisplay>
						<latitude>47.172737</latitude>
						<longitude>18.998402</longitude>
					</locationForDisplay>
					<linearWithinLinearElement>
						<directionRelativeOnLinearSection>both</directionRelativeOnLinearSection>
						<linearElement xsi:type="LinearElementByPoints">
							<roadName>
								<values>
									<value lang="hu">51117</value>
								</values>
							</roadName>
							<roadNumber>51117</roadNumber>
							<linearElementReferenceModel>DSM-10</linearElementReferenceModel>
							<linearElementReferenceModelVersion>1</linearElementReferenceModelVersion>
							<linearElementNature>road</linearElementNature>
							<startPointOfLinearElement>
								<referentIdentifier>0</referentIdentifier>
								<referentType>referenceMarker</referentType>
								<pointCoordinates>
									<latitude>47.172737</latitude>
									<longitude>18.998402</longitude>
								</pointCoordinates>
							</startPointOfLinearElement>
							<endPointOfLinearElement>
								<referentIdentifier>1</referentIdentifier>
								<referentType>referenceMarker</referentType>
								<pointCoordinates>
									<latitude>47.15961</latitude>
									<longitude>18.998478</longitude>
								</pointCoordinates>
							</endPointOfLinearElement>
						</linearElement>
						<fromPoint xsi:type="DistanceFromLinearElementReferent">
							<distanceAlong>0.0</distanceAlong>
							<fromReferent>
								<referentIdentifier>0</referentIdentifier>
								<referentType>referenceMarker</referentType>
								<pointCoordinates>
									<latitude>47.172737</latitude>
									<longitude>18.998402</longitude>
								</pointCoordinates>
							</fromReferent>
						</fromPoint>
						<toPoint xsi:type="DistanceFromLinearElementReferent">
							<distanceAlong>484.0</distanceAlong>
							<fromReferent>
								<referentIdentifier>1</referentIdentifier>
								<referentType>referenceMarker</referentType>
								<pointCoordinates>
									<latitude>47.15961</latitude>
									<longitude>18.998478</longitude>
								</pointCoordinates>
							</fromReferent>
						</toPoint>
					</linearWithinLinearElement>
					<linearExtension>
						<openlrExtendedLinear>
							<firstDirection>
								<openlrLocationReferencePoint>
									<openlrCoordinate>
										<latitude>47.17274</latitude>
										<longitude>18.9984</longitude>
									</openlrCoordinate>
									<openlrLineAttributes>
										<openlrFunctionalRoadClass>FRC4</openlrFunctionalRoadClass>
										<openlrFormOfWay>singleCarriageway</openlrFormOfWay>
										<openlrBearing>193</openlrBearing>
									</openlrLineAttributes>
									<openlrPathAttributes>
										<openlrLowestFRCToNextLRPoint>FRC4</openlrLowestFRCToNextLRPoint>
										<openlrDistanceToNextLRPoint>1484</openlrDistanceToNextLRPoint>
									</openlrPathAttributes>
								</openlrLocationReferencePoint>
								<openlrLastLocationReferencePoint>
									<openlrCoordinate>
										<latitude>47.15961</latitude>
										<longitude>18.99848</longitude>
									</openlrCoordinate>
									<openlrLineAttributes>
										<openlrFunctionalRoadClass>FRC4</openlrFunctionalRoadClass>
										<openlrFormOfWay>singleCarriageway</openlrFormOfWay>
										<openlrBearing>286</openlrBearing>
									</openlrLineAttributes>
								</openlrLastLocationReferencePoint>
								<openlrOffsets>
									<openlrPositiveOffset>0</openlrPositiveOffset>
									<openlrNegativeOffset>0</openlrNegativeOffset>
								</openlrOffsets>
							</firstDirection>
						</openlrExtendedLinear>
					</linearExtension>
				</groupOfLocations>
				<complianceOption>mandatory</complianceOption>
				<speedManagementType>speedRestrictionInOperation</speedManagementType>
				<temporarySpeedLimit>40.0</temporarySpeedLimit>
			</situationRecord>
		</situation>
	</payloadPublication>
</d2LogicalModel>