<?xml version="1.0" encoding="UTF-8" standalone="yes"?>
<d2LogicalModel modelBaseVersion="2" xmlns="http://datex2.eu/schema/2/2_0">
	<exchange>
		<supplierIdentification>
			<country>hu</country>
			<nationalIdentifier>UTINFORM-2</nationalIdentifier>
		</supplierIdentification>
	</exchange>
	<payloadPublication xsi:type="SituationPublication" lang="hu" xmlns:xsi="http://www.w3.org/2001/XMLSchema-instance">
		<publicationTime>2022-03-08T13:12:25+01:00</publicationTime>
		<publicationCreator>
			<country>hu</country>
			<nationalIdentifier>UTINFORM-2</nationalIdentifier>
		</publicationCreator>
		<situation id="hu_UTINFORM_4421477" version="1">
			<situationVersionTime>2022-03-08T11:09:23+01:00</situationVersionTime>
			<headerInformation>
				<confidentiality>noRestriction</confidentiality>
				<informationStatus>real</informationStatus>
				<urgency>urgent</urgency>
			</headerInformation>
			<situationRecord xsi:type="NonWeatherRelatedRoadConditions" id="hu_UTINFORM_4421477_1" version="1">
				<situationRecordCreationReference>IVDS</situationRecordCreationReference>
				<situationRecordCreationTime>2022-03-08T11:09:23+01:00</situationRecordCreationTime>
				<situationRecordVersionTime>2022-03-08T11:09:23+01:00</situationRecordVersionTime>
				<probabilityOfOccurrence>certain</probabilityOfOccurrence>
				<source>
					<sourceCountry>hu</sourceCountry>
					<sourceIdentification>Útinform</sourceIdentification>
					<sourceName>
						<values>
							<value lang="hu">SZENTLŐRINCI mérnökség</value>
						</values>
					</sourceName>
					<reliable>true</reliable>
				</source>
				<validity>
					<validityStatus>definedByValidityTimeSpec</validityStatus>
					<validityTimeSpecification>
						<overallStartTime>2022-03-08T11:07:00+01:00</overallStartTime>
						<overallEndTime>2022-03-15T14:00:00+01:00</overallEndTime>
					</validityTimeSpecification>
				</validity>
				<impact>
					<capacityRemaining>100.0</capacityRemaining>
				</impact>
				<groupOfLocations xsi:type="Linear">
					<groupOfLocationsExtension/>
					<locationForDisplay>
						<latitude>45.961388</latitude>
						<longitude>18.092949</longitude>
					</locationForDisplay>
					<linearWithinLinearElement>
						<directionRelativeOnLinearSection>opposite</directionRelativeOnLinearSection>
						<linearElement xsi:type="LinearElementByPoints">
							<roadName>
								<values>
									<value lang="hu">5802</value>
								</values>
							</roadName>
							<roadNumber>5802</roadNumber>
							<linearElementReferenceModel>DSM-10</linearElementReferenceModel>
							<linearElementReferenceModelVersion>1</linearElementReferenceModelVersion>
							<linearElementNature>road</linearElementNature>
							<startPointOfLinearElement>
								<referentIdentifier>0</referentIdentifier>
								<referentType>referenceMarker</referentType>
								<pointCoordinates>
									<latitude>45.961388</latitude>
									<longitude>18.092949</longitude>
								</pointCoordinates>
							</startPointOfLinearElement>
							<endPointOfLinearElement>
								<referentIdentifier>0</referentIdentifier>
								<referentType>referenceMarker</referentType>
								<pointCoordinates>
									<latitude>45.963264</latitude>
									<longitude>18.091982</longitude>
								</pointCoordinates>
							</endPointOfLinearElement>
						</linearElement>
						<fromPoint xsi:type="DistanceFromLinearElementReferent">
							<distanceAlong>261.0</distanceAlong>
							<fromReferent>
								<referentIdentifier>0</referentIdentifier>
								<referentType>referenceMarker</referentType>
								<pointCoordinates>
									<latitude>45.961388</latitude>
									<longitude>18.092949</longitude>
								</pointCoordinates>
							</fromReferent>
						</fromPoint>
						<toPoint xsi:type="DistanceFromLinearElementReferent">
							<distanceAlong>483.0</distanceAlong>
							<fromReferent>
								<referentIdentifier>0</referentIdentifier>
								<referentType>referenceMarker</referentType>
								<pointCoordinates>
									<latitude>45.963264</latitude>
									<longitude>18.091982</longitude>
								</pointCoordinates>
							</fromReferent>
						</toPoint>
					</linearWithinLinearElement>
					<linearExtension>
						<openlrExtendedLinear>
							<firstDirection>
								<openlrLocationReferencePoint>
									<openlrCoordinate>
										<latitude>46.0026</latitude>
										<longitude>18.04923</longitude>
									</openlrCoordinate>
									<openlrLineAttributes>
										<openlrFunctionalRoadClass>FRC3</openlrFunctionalRoadClass>
										<openlrFormOfWay>singleCarriageway</openlrFormOfWay>
										<openlrBearing>144</openlrBearing>
									</openlrLineAttributes>
									<openlrPathAttributes>
										<openlrLowestFRCToNextLRPoint>FRC3</openlrLowestFRCToNextLRPoint>
										<openlrDistanceToNextLRPoint>7043</openlrDistanceToNextLRPoint>
									</openlrPathAttributes>
								</openlrLocationReferencePoint>
								<openlrLastLocationReferencePoint>
									<openlrCoordinate>
										<latitude>45.95918</latitude>
										<longitude>18.09409</longitude>
									</openlrCoordinate>
									<openlrLineAttributes>
										<openlrFunctionalRoadClass>FRC3</openlrFunctionalRoadClass>
										<openlrFormOfWay>singleCarriageway</openlrFormOfWay>
										<openlrBearing>324</openlrBearing>
									</openlrLineAttributes>
								</openlrLastLocationReferencePoint>
								<openlrOffsets>
									<openlrPositiveOffset>6560</openlrPositiveOffset>
									<openlrNegativeOffset>261</openlrNegativeOffset>
								</openlrOffsets>
							</firstDirection>
						</openlrExtendedLinear>
					</linearExtension>
				</groupOfLocations>
				<nonWeatherRelatedRoadConditionType>slipperyRoad</nonWeatherRelatedRoadConditionType>
			</situationRecord>
			<situationRecord xsi:type="GeneralNetworkManagement" id="hu_UTINFORM_4421477_2" version="1">
				<situationRecordCreationReference>IVDS</situationRecordCreationReference>
				<situationRecordCreationTime>2022-03-08T11:09:23+01:00</situationRecordCreationTime>
				<situationRecordVersionTime>2022-03-08T11:09:23+01:00</situationRecordVersionTime>
				<probabilityOfOccurrence>certain</probabilityOfOccurrence>
				<source>
					<sourceCountry>hu</sourceCountry>
					<sourceIdentification>Útinform</sourceIdentification>
					<sourceName>
						<values>
							<value lang="hu">SZENTLŐRINCI mérnökség</value>
						</values>
					</sourceName>
					<reliable>true</reliable>
				</source>
				<validity>
					<validityStatus>definedByValidityTimeSpec</validityStatus>
					<validityTimeSpecification>
						<overallStartTime>2022-03-08T11:07:00+01:00</overallStartTime>
						<overallEndTime>2022-03-15T14:00:00+01:00</overallEndTime>
					</validityTimeSpecification>
				</validity>
				<impact>
					<capacityRemaining>100.0</capacityRemaining>
				</impact>
				<groupOfLocations xsi:type="Linear">
					<groupOfLocationsExtension/>
					<locationForDisplay>
						<latitude>45.961388</latitude>
						<longitude>18.092949</longitude>
					</locationForDisplay>
					<linearWithinLinearElement>
						<directionRelativeOnLinearSection>opposite</directionRelativeOnLinearSection>
						<linearElement xsi:type="LinearElementByPoints">
							<roadName>
								<values>
									<value lang="hu">5802</value>
								</values>
							</roadName>
							<roadNumber>5802</roadNumber>
							<linearElementReferenceModel>DSM-10</linearElementReferenceModel>
							<linearElementReferenceModelVersion>1</linearElementReferenceModelVersion>
							<linearElementNature>road</linearElementNature>
							<startPointOfLinearElement>
								<referentIdentifier>0</referentIdentifier>
								<referentType>referenceMarker</referentType>
								<pointCoordinates>
									<latitude>45.961388</latitude>
									<longitude>18.092949</longitude>
								</pointCoordinates>
							</startPointOfLinearElement>
							<endPointOfLinearElement>
								<referentIdentifier>0</referentIdentifier>
								<referentType>referenceMarker</referentType>
								<pointCoordinates>
									<latitude>45.963264</latitude>
									<longitude>18.091982</longitude>
								</pointCoordinates>
							</endPointOfLinearElement>
						</linearElement>
						<fromPoint xsi:type="DistanceFromLinearElementReferent">
							<distanceAlong>261.0</distanceAlong>
							<fromReferent>
								<referentIdentifier>0</referentIdentifier>
								<referentType>referenceMarker</referentType>
								<pointCoordinates>
									<latitude>45.961388</latitude>
									<longitude>18.092949</longitude>
								</pointCoordinates>
							</fromReferent>
						</fromPoint>
						<toPoint xsi:type="DistanceFromLinearElementReferent">
							<distanceAlong>483.0</distanceAlong>
							<fromReferent>
								<referentIdentifier>0</referentIdentifier>
								<referentType>referenceMarker</referentType>
								<pointCoordinates>
									<latitude>45.963264</latitude>
									<longitude>18.091982</longitude>
								</pointCoordinates>
							</fromReferent>
						</toPoint>
					</linearWithinLinearElement>
					<linearExtension>
						<openlrExtendedLinear>
							<firstDirection>
								<openlrLocationReferencePoint>
									<openlrCoordinate>
										<latitude>46.0026</latitude>
										<longitude>18.04923</longitude>
									</openlrCoordinate>
									<openlrLineAttributes>
										<openlrFunctionalRoadClass>FRC3</openlrFunctionalRoadClass>
										<openlrFormOfWay>singleCarriageway</openlrFormOfWay>
										<openlrBearing>144</openlrBearing>
									</openlrLineAttributes>
									<openlrPathAttributes>
										<openlrLowestFRCToNextLRPoint>FRC3</openlrLowestFRCToNextLRPoint>
										<openlrDistanceToNextLRPoint>7043</openlrDistanceToNextLRPoint>
									</openlrPathAttributes>
								</openlrLocationReferencePoint>
								<openlrLastLocationReferencePoint>
									<openlrCoordinate>
										<latitude>45.95918</latitude>
										<longitude>18.09409</longitude>
									</openlrCoordinate>
									<openlrLineAttributes>
										<openlrFunctionalRoadClass>FRC3</openlrFunctionalRoadClass>
										<openlrFormOfWay>singleCarriageway</openlrFormOfWay>
										<openlrBearing>324</openlrBearing>
									</openlrLineAttributes>
								</openlrLastLocationReferencePoint>
								<openlrOffsets>
									<openlrPositiveOffset>6560</openlrPositiveOffset>
									<openlrNegativeOffset>261</openlrNegativeOffset>
								</openlrOffsets>
							</firstDirection>
						</openlrExtendedLinear>
					</linearExtension>
				</groupOfLocations>
				<complianceOption>mandatory</complianceOption>
				<generalNetworkManagementType>obstacleSignalling</generalNetworkManagementType>
			</situationRecord>
			<situationRecord xsi:type="SpeedManagement" id="hu_UTINFORM_4421477_3" version="1">
				<situationRecordCreationReference>IVDS</situationRecordCreationReference>
				<situationRecordCreationTime>2022-03-08T11:09:23+01:00</situationRecordCreationTime>
				<situationRecordVersionTime>2022-03-08T11:09:23+01:00</situationRecordVersionTime>
				<probabilityOfOccurrence>certain</probabilityOfOccurrence>
				<source>
					<sourceCountry>hu</sourceCountry>
					<sourceIdentification>Útinform</sourceIdentification>
					<sourceName>
						<values>
							<value lang="hu">SZENTLŐRINCI mérnökség</value>
						</values>
					</sourceName>
					<reliable>true</reliable>
				</source>
				<validity>
					<validityStatus>definedByValidityTimeSpec</validityStatus>
					<validityTimeSpecification>
						<overallStartTime>2022-03-08T11:07:00+01:00</overallStartTime>
						<overallEndTime>2022-03-15T14:00:00+01:00</overallEndTime>
					</validityTimeSpecification>
				</validity>
				<impact>
					<capacityRemaining>100.0</capacityRemaining>
				</impact>
				<groupOfLocations xsi:type="Linear">
					<groupOfLocationsExtension/>
					<locationForDisplay>
						<latitude>45.961388</latitude>
						<longitude>18.092949</longitude>
					</locationForDisplay>
					<linearWithinLinearElement>
						<directionRelativeOnLinearSection>opposite</directionRelativeOnLinearSection>
						<linearElement xsi:type="LinearElementByPoints">
							<roadName>
								<values>
									<value lang="hu">5802</value>
								</values>
							</roadName>
							<roadNumber>5802</roadNumber>
							<linearElementReferenceModel>DSM-10</linearElementReferenceModel>
							<linearElementReferenceModelVersion>1</linearElementReferenceModelVersion>
							<linearElementNature>road</linearElementNature>
							<startPointOfLinearElement>
								<referentIdentifier>0</referentIdentifier>
								<referentType>referenceMarker</referentType>
								<pointCoordinates>
									<latitude>45.961388</latitude>
									<longitude>18.092949</longitude>
								</pointCoordinates>
							</startPointOfLinearElement>
							<endPointOfLinearElement>
								<referentIdentifier>0</referentIdentifier>
								<referentType>referenceMarker</referentType>
								<pointCoordinates>
									<latitude>45.963264</latitude>
									<longitude>18.091982</longitude>
								</pointCoordinates>
							</endPointOfLinearElement>
						</linearElement>
						<fromPoint xsi:type="DistanceFromLinearElementReferent">
							<distanceAlong>261.0</distanceAlong>
							<fromReferent>
								<referentIdentifier>0</referentIdentifier>
								<referentType>referenceMarker</referentType>
								<pointCoordinates>
									<latitude>45.961388</latitude>
									<longitude>18.092949</longitude>
								</pointCoordinates>
							</fromReferent>
						</fromPoint>
						<toPoint xsi:type="DistanceFromLinearElementReferent">
							<distanceAlong>483.0</distanceAlong>
							<fromReferent>
								<referentIdentifier>0</referentIdentifier>
								<referentType>referenceMarker</referentType>
								<pointCoordinates>
									<latitude>45.963264</latitude>
									<longitude>18.091982</longitude>
								</pointCoordinates>
							</fromReferent>
						</toPoint>
					</linearWithinLinearElement>
					<linearExtension>
						<openlrExtendedLinear>
							<firstDirection>
								<openlrLocationReferencePoint>
									<openlrCoordinate>
										<latitude>46.0026</latitude>
										<longitude>18.04923</longitude>
									</openlrCoordinate>
									<openlrLineAttributes>
										<openlrFunctionalRoadClass>FRC3</openlrFunctionalRoadClass>
										<openlrFormOfWay>singleCarriageway</openlrFormOfWay>
										<openlrBearing>144</openlrBearing>
									</openlrLineAttributes>
									<openlrPathAttributes>
										<openlrLowestFRCToNextLRPoint>FRC3</openlrLowestFRCToNextLRPoint>
										<openlrDistanceToNextLRPoint>7043</openlrDistanceToNextLRPoint>
									</openlrPathAttributes>
								</openlrLocationReferencePoint>
								<openlrLastLocationReferencePoint>
									<openlrCoordinate>
										<latitude>45.95918</latitude>
										<longitude>18.09409</longitude>
									</openlrCoordinate>
									<openlrLineAttributes>
										<openlrFunctionalRoadClass>FRC3</openlrFunctionalRoadClass>
										<openlrFormOfWay>singleCarriageway</openlrFormOfWay>
										<openlrBearing>324</openlrBearing>
									</openlrLineAttributes>
								</openlrLastLocationReferencePoint>
								<openlrOffsets>
									<openlrPositiveOffset>6560</openlrPositiveOffset>
									<openlrNegativeOffset>261</openlrNegativeOffset>
								</openlrOffsets>
							</firstDirection>
						</openlrExtendedLinear>
					</linearExtension>
				</groupOfLocations>
				<complianceOption>mandatory</complianceOption>
				<speedManagementType>speedRestrictionInOperation</speedManagementType>
				<temporarySpeedLimit>60.0</temporarySpeedLimit>
			</situationRecord>
		</situation>
	</payloadPublication>
</d2LogicalModel>