﻿<?xml version="1.0" encoding="utf-8"?>
<q1:d2LogicalModel xmlns:xsi="http://www.w3.org/2001/XMLSchema-instance" xsi:schemaLocation="http://datex2.eu/schema/2/2_0 DATEXII-Profile_RWW_ECo-AT.xsd" modelBaseVersion="2" extensionName="ASFINAG Extensions" extensionVersion="0.1" xmlns:q1="http://datex2.eu/schema/2/2_0" >
  <q1:exchange xmlns:q1="http://datex2.eu/schema/2/2_0">
    <q1:clientIdentification>0</q1:clientIdentification>
    <q1:supplierIdentification>
      <q1:country>at</q1:country>
      <q1:nationalIdentifier>ASFINAG</q1:nationalIdentifier>
    </q1:supplierIdentification>
  </q1:exchange>
  <q1:payloadPublication xsi:type="q1:SituationPublication" lang="de-at" xmlns:xsi="http://www.w3.org/2001/XMLSchema-instance" xmlns:q1="http://datex2.eu/schema/2/2_0">
    <q1:publicationTime>2015-11-25T17:41:09.7806075+01:00</q1:publicationTime>
    <q1:publicationCreator>
      <q1:country>at</q1:country>
      <q1:nationalIdentifier>ASFINAG</q1:nationalIdentifier>
    </q1:publicationCreator>
    <q1:situation id="1111" version="1768">
      <q1:headerInformation>
        <q1:confidentiality>noRestriction</q1:confidentiality>
        <q1:informationStatus>test</q1:informationStatus>
      </q1:headerInformation>
      <q1:situationRecord xsi:type="q1:MaintenanceWorks" id="rww_test_21" version="1768">
        <q1:situationRecordCreationTime>2015-11-19T14:16:03+01:00</q1:situationRecordCreationTime>
        <q1:situationRecordVersionTime>2015-11-25T17:36:10+01:00</q1:situationRecordVersionTime>
        <q1:probabilityOfOccurrence>certain</q1:probabilityOfOccurrence>
        <q1:validity>
          <q1:validityStatus>definedByValidityTimeSpec</q1:validityStatus>
          <q1:validityTimeSpecification>
            <q1:overallStartTime>2015-11-25T17:36:10+01:00</q1:overallStartTime>
            <q1:overallEndTime>2015-11-25T19:36:10+01:00</q1:overallEndTime>
          </q1:validityTimeSpecification>
        </q1:validity>
        <q1:impact>
          <q1:numberOfLanesRestricted>1</q1:numberOfLanesRestricted>
          <q1:numberOfOperationalLanes>1</q1:numberOfOperationalLanes>
        </q1:impact>
        <q1:groupOfLocations xsi:type="q1:ItineraryByIndexedLocations">
          <q1:locationContainedInItinerary index="0">
            <q1:location xsi:type="q1:Point">
              <q1:pointByCoordinates>
                <q1:pointCoordinates>
                  <q1:latitude>48.16617</q1:latitude>
                  <q1:longitude>16.46528</q1:longitude>
                </q1:pointCoordinates>
              </q1:pointByCoordinates>
            </q1:location>
          </q1:locationContainedInItinerary>
          <q1:locationContainedInItinerary index="1">
            <q1:location xsi:type="q1:Linear">
              <q1:alertCLinear xsi:type="q1:AlertCMethod4Linear">
                <q1:alertCLocationCountryCode>10</q1:alertCLocationCountryCode>
                <q1:alertCLocationTableNumber>1</q1:alertCLocationTableNumber>
                <q1:alertCLocationTableVersion>3.0</q1:alertCLocationTableVersion>
                <q1:alertCDirection>
                  <q1:alertCDirectionCoded>negative</q1:alertCDirectionCoded>
                </q1:alertCDirection>
                <q1:alertCMethod4PrimaryPointLocation>
                  <q1:alertCLocation>
                    <q1:specificLocation>30955</q1:specificLocation>
                  </q1:alertCLocation>
                  <q1:offsetDistance>
                    <q1:offsetDistance>2152</q1:offsetDistance>
                  </q1:offsetDistance>
                </q1:alertCMethod4PrimaryPointLocation>
                <q1:alertCMethod4SecondaryPointLocation>
                  <q1:alertCLocation>
                    <q1:specificLocation>44357</q1:specificLocation>
                  </q1:alertCLocation>
                  <q1:offsetDistance>
                    <q1:offsetDistance>2368</q1:offsetDistance>
                  </q1:offsetDistance>
                </q1:alertCMethod4SecondaryPointLocation>
              </q1:alertCLinear>
              <q1:linearExtension>
                <q1:extendedLinear>
                  <q1:linearByCoordinates>
                    <q1:roadNumber>A04</q1:roadNumber>
                    <q1:start>
                      <q1:latitude>48.1647</q1:latitude>
                      <q1:longitude>16.4718</q1:longitude>
                    </q1:start>
                    <q1:intermediate index="1">
                      <q1:pointCoordinates>
                        <q1:latitude>48.1649</q1:latitude>
                        <q1:longitude>16.4712</q1:longitude>
                      </q1:pointCoordinates>
                    </q1:intermediate>
                    <q1:intermediate index="2">
                      <q1:pointCoordinates>
                        <q1:latitude>48.165</q1:latitude>
                        <q1:longitude>16.4706</q1:longitude>
                      </q1:pointCoordinates>
                    </q1:intermediate>
                    <q1:intermediate index="3">
                      <q1:pointCoordinates>
                        <q1:latitude>48.1652</q1:latitude>
                        <q1:longitude>16.4699</q1:longitude>
                      </q1:pointCoordinates>
                    </q1:intermediate>
                    <q1:intermediate index="4">
                      <q1:pointCoordinates>
                        <q1:latitude>48.1653</q1:latitude>
                        <q1:longitude>16.4693</q1:longitude>
                      </q1:pointCoordinates>
                    </q1:intermediate>
                    <q1:intermediate index="5">
                      <q1:pointCoordinates>
                        <q1:latitude>48.1654</q1:latitude>
                        <q1:longitude>16.4686</q1:longitude>
                      </q1:pointCoordinates>
                    </q1:intermediate>
                    <q1:intermediate index="6">
                      <q1:pointCoordinates>
                        <q1:latitude>48.1656</q1:latitude>
                        <q1:longitude>16.468</q1:longitude>
                      </q1:pointCoordinates>
                    </q1:intermediate>
                    <q1:intermediate index="7">
                      <q1:pointCoordinates>
                        <q1:latitude>48.1657</q1:latitude>
                        <q1:longitude>16.4673</q1:longitude>
                      </q1:pointCoordinates>
                    </q1:intermediate>
                    <q1:intermediate index="8">
                      <q1:pointCoordinates>
                        <q1:latitude>48.1659</q1:latitude>
                        <q1:longitude>16.4667</q1:longitude>
                      </q1:pointCoordinates>
                    </q1:intermediate>
                    <q1:intermediate index="9">
                      <q1:pointCoordinates>
                        <q1:latitude>48.166</q1:latitude>
                        <q1:longitude>16.4661</q1:longitude>
                      </q1:pointCoordinates>
                    </q1:intermediate>
                    <q1:end>
                      <q1:latitude>48.1661</q1:latitude>
                      <q1:longitude>16.4654</q1:longitude>
                    </q1:end>
                  </q1:linearByCoordinates>
                </q1:extendedLinear>
              </q1:linearExtension>
            </q1:location>
          </q1:locationContainedInItinerary>
          <q1:locationContainedInItinerary index="2">
            <q1:location xsi:type="q1:Linear">
              <q1:supplementaryPositionalDescription>
                <q1:affectedCarriagewayAndLanes>
                  <q1:carriageway>mainCarriageway</q1:carriageway>
                  <q1:lane>lane2</q1:lane>
                </q1:affectedCarriagewayAndLanes>
              </q1:supplementaryPositionalDescription>
              <q1:alertCLinear xsi:type="q1:AlertCMethod4Linear">
                <q1:alertCLocationCountryCode>10</q1:alertCLocationCountryCode>
                <q1:alertCLocationTableNumber>1</q1:alertCLocationTableNumber>
                <q1:alertCLocationTableVersion>3.0</q1:alertCLocationTableVersion>
                <q1:alertCDirection>
                  <q1:alertCDirectionCoded>negative</q1:alertCDirectionCoded>
                </q1:alertCDirection>
                <q1:alertCMethod4PrimaryPointLocation>
                  <q1:alertCLocation>
                    <q1:specificLocation>30955</q1:specificLocation>
                  </q1:alertCLocation>
                  <q1:offsetDistance>
                    <q1:offsetDistance>2152</q1:offsetDistance>
                  </q1:offsetDistance>
                </q1:alertCMethod4PrimaryPointLocation>
                <q1:alertCMethod4SecondaryPointLocation>
                  <q1:alertCLocation>
                    <q1:specificLocation>44357</q1:specificLocation>
                  </q1:alertCLocation>
                  <q1:offsetDistance>
                    <q1:offsetDistance>2368</q1:offsetDistance>
                  </q1:offsetDistance>
                </q1:alertCMethod4SecondaryPointLocation>
              </q1:alertCLinear>
              <q1:linearExtension>
                <q1:extendedLinear>
                  <q1:linearByCoordinates>
                    <q1:roadNumber>A04</q1:roadNumber>
                    <q1:start>
                      <q1:latitude>48.176</q1:latitude>
                      <q1:longitude>16.4544</q1:longitude>
                    </q1:start>
                    <q1:intermediate index="1">
                      <q1:pointCoordinates>
                        <q1:latitude>48.1765</q1:latitude>
                        <q1:longitude>16.4542</q1:longitude>
                      </q1:pointCoordinates>
                    </q1:intermediate>
                    <q1:intermediate index="2">
                      <q1:pointCoordinates>
                        <q1:latitude>48.1771</q1:latitude>
                        <q1:longitude>16.4539</q1:longitude>
                      </q1:pointCoordinates>
                    </q1:intermediate>
                    <q1:intermediate index="3">
                      <q1:pointCoordinates>
                        <q1:latitude>48.1777</q1:latitude>
                        <q1:longitude>16.4536</q1:longitude>
                      </q1:pointCoordinates>
                    </q1:intermediate>
                    <q1:intermediate index="4">
                      <q1:pointCoordinates>
                        <q1:latitude>48.1782</q1:latitude>
                        <q1:longitude>16.4532</q1:longitude>
                      </q1:pointCoordinates>
                    </q1:intermediate>
                    <q1:intermediate index="5">
                      <q1:pointCoordinates>
                        <q1:latitude>48.1787</q1:latitude>
                        <q1:longitude>16.4529</q1:longitude>
                      </q1:pointCoordinates>
                    </q1:intermediate>
                    <q1:intermediate index="6">
                      <q1:pointCoordinates>
                        <q1:latitude>48.1791</q1:latitude>
                        <q1:longitude>16.4526</q1:longitude>
                      </q1:pointCoordinates>
                    </q1:intermediate>
                    <q1:intermediate index="7">
                      <q1:pointCoordinates>
                        <q1:latitude>48.1795</q1:latitude>
                        <q1:longitude>16.4523</q1:longitude>
                      </q1:pointCoordinates>
                    </q1:intermediate>
                    <q1:intermediate index="8">
                      <q1:pointCoordinates>
                        <q1:latitude>48.1799</q1:latitude>
                        <q1:longitude>16.452</q1:longitude>
                      </q1:pointCoordinates>
                    </q1:intermediate>
                    <q1:intermediate index="9">
                      <q1:pointCoordinates>
                        <q1:latitude>48.1803</q1:latitude>
                        <q1:longitude>16.4517</q1:longitude>
                      </q1:pointCoordinates>
                    </q1:intermediate>
                    <q1:end>
                      <q1:latitude>48.1807</q1:latitude>
                      <q1:longitude>16.4514</q1:longitude>
                    </q1:end>
                  </q1:linearByCoordinates>
                </q1:extendedLinear>
              </q1:linearExtension>
            </q1:location>
          </q1:locationContainedInItinerary>
        </q1:groupOfLocations>
        <q1:subjects>
          <q1:subjectTypeOfWorks>road</q1:subjectTypeOfWorks>
        </q1:subjects>
        <q1:roadMaintenanceType>resurfacingWork</q1:roadMaintenanceType>
      </q1:situationRecord>
      <q1:situationRecord xsi:type="q1:MaintenanceWorks" id="rww_test_32" version="1768">
        <q1:situationRecordCreationTime>2015-11-19T14:16:03+01:00</q1:situationRecordCreationTime>
        <q1:situationRecordVersionTime>2015-11-25T17:36:10+01:00</q1:situationRecordVersionTime>
        <q1:probabilityOfOccurrence>certain</q1:probabilityOfOccurrence>
        <q1:validity>
          <q1:validityStatus>definedByValidityTimeSpec</q1:validityStatus>
          <q1:validityTimeSpecification>
            <q1:overallStartTime>2015-11-25T17:36:10+01:00</q1:overallStartTime>
            <q1:overallEndTime>2015-11-25T19:36:10+01:00</q1:overallEndTime>
          </q1:validityTimeSpecification>
        </q1:validity>
        <q1:impact>
          <q1:numberOfLanesRestricted>2</q1:numberOfLanesRestricted>
          <q1:numberOfOperationalLanes>1</q1:numberOfOperationalLanes>
        </q1:impact>
        <q1:groupOfLocations xsi:type="q1:ItineraryByIndexedLocations">
          <q1:locationContainedInItinerary index="0">
            <q1:location xsi:type="q1:Point">
              <q1:pointByCoordinates>
                <q1:pointCoordinates>
                  <q1:latitude>48.1665726</q1:latitude>
                  <q1:longitude>16.4633732</q1:longitude>
                </q1:pointCoordinates>
              </q1:pointByCoordinates>
            </q1:location>
          </q1:locationContainedInItinerary>
          <q1:locationContainedInItinerary index="1">
            <q1:location xsi:type="q1:Linear">
              <q1:alertCLinear xsi:type="q1:AlertCMethod4Linear">
                <q1:alertCLocationCountryCode>10</q1:alertCLocationCountryCode>
                <q1:alertCLocationTableNumber>1</q1:alertCLocationTableNumber>
                <q1:alertCLocationTableVersion>3.0</q1:alertCLocationTableVersion>
                <q1:alertCDirection>
                  <q1:alertCDirectionCoded>negative</q1:alertCDirectionCoded>
                </q1:alertCDirection>
                <q1:alertCMethod4PrimaryPointLocation>
                  <q1:alertCLocation>
                    <q1:specificLocation>30955</q1:specificLocation>
                  </q1:alertCLocation>
                  <q1:offsetDistance>
                    <q1:offsetDistance>3152</q1:offsetDistance>
                  </q1:offsetDistance>
                </q1:alertCMethod4PrimaryPointLocation>
                <q1:alertCMethod4SecondaryPointLocation>
                  <q1:alertCLocation>
                    <q1:specificLocation>44357</q1:specificLocation>
                  </q1:alertCLocation>
                  <q1:offsetDistance>
                    <q1:offsetDistance>2368</q1:offsetDistance>
                  </q1:offsetDistance>
                </q1:alertCMethod4SecondaryPointLocation>
              </q1:alertCLinear>
              <q1:linearExtension>
                <q1:extendedLinear>
                  <q1:linearByCoordinates>
                    <q1:roadNumber>A04</q1:roadNumber>
                    <q1:start>
                      <q1:latitude>48.1652</q1:latitude>
                      <q1:longitude>16.4699</q1:longitude>
                    </q1:start>
                    <q1:intermediate index="1">
                      <q1:pointCoordinates>
                        <q1:latitude>48.1653</q1:latitude>
                        <q1:longitude>16.4693</q1:longitude>
                      </q1:pointCoordinates>
                    </q1:intermediate>
                    <q1:intermediate index="2">
                      <q1:pointCoordinates>
                        <q1:latitude>48.1654</q1:latitude>
                        <q1:longitude>16.4686</q1:longitude>
                      </q1:pointCoordinates>
                    </q1:intermediate>
                    <q1:intermediate index="3">
                      <q1:pointCoordinates>
                        <q1:latitude>48.1656</q1:latitude>
                        <q1:longitude>16.468</q1:longitude>
                      </q1:pointCoordinates>
                    </q1:intermediate>
                    <q1:intermediate index="4">
                      <q1:pointCoordinates>
                        <q1:latitude>48.1657</q1:latitude>
                        <q1:longitude>16.4673</q1:longitude>
                      </q1:pointCoordinates>
                    </q1:intermediate>
                    <q1:intermediate index="5">
                      <q1:pointCoordinates>
                        <q1:latitude>48.1659</q1:latitude>
                        <q1:longitude>16.4667</q1:longitude>
                      </q1:pointCoordinates>
                    </q1:intermediate>
                    <q1:intermediate index="6">
                      <q1:pointCoordinates>
                        <q1:latitude>48.166</q1:latitude>
                        <q1:longitude>16.4661</q1:longitude>
                      </q1:pointCoordinates>
                    </q1:intermediate>
                    <q1:intermediate index="7">
                      <q1:pointCoordinates>
                        <q1:latitude>48.1661</q1:latitude>
                        <q1:longitude>16.4654</q1:longitude>
                      </q1:pointCoordinates>
                    </q1:intermediate>
                    <q1:intermediate index="8">
                      <q1:pointCoordinates>
                        <q1:latitude>48.1663</q1:latitude>
                        <q1:longitude>16.4648</q1:longitude>
                      </q1:pointCoordinates>
                    </q1:intermediate>
                    <q1:intermediate index="9">
                      <q1:pointCoordinates>
                        <q1:latitude>48.1664</q1:latitude>
                        <q1:longitude>16.4641</q1:longitude>
                      </q1:pointCoordinates>
                    </q1:intermediate>
                    <q1:end>
                      <q1:latitude>48.1665</q1:latitude>
                      <q1:longitude>16.4635</q1:longitude>
                    </q1:end>
                  </q1:linearByCoordinates>
                </q1:extendedLinear>
              </q1:linearExtension>
            </q1:location>
          </q1:locationContainedInItinerary>
          <q1:locationContainedInItinerary index="2">
            <q1:location xsi:type="q1:Linear">
              <q1:supplementaryPositionalDescription>
                <q1:affectedCarriagewayAndLanes>
                  <q1:carriageway>mainCarriageway</q1:carriageway>
                  <q1:lane>lane1</q1:lane>
                  <q1:lane>lane2</q1:lane>
                </q1:affectedCarriagewayAndLanes>
              </q1:supplementaryPositionalDescription>
              <q1:alertCLinear xsi:type="q1:AlertCMethod4Linear">
                <q1:alertCLocationCountryCode>10</q1:alertCLocationCountryCode>
                <q1:alertCLocationTableNumber>1</q1:alertCLocationTableNumber>
                <q1:alertCLocationTableVersion>3.0</q1:alertCLocationTableVersion>
                <q1:alertCDirection>
                  <q1:alertCDirectionCoded>negative</q1:alertCDirectionCoded>
                </q1:alertCDirection>
                <q1:alertCMethod4PrimaryPointLocation>
                  <q1:alertCLocation>
                    <q1:specificLocation>30955</q1:specificLocation>
                  </q1:alertCLocation>
                  <q1:offsetDistance>
                    <q1:offsetDistance>3152</q1:offsetDistance>
                  </q1:offsetDistance>
                </q1:alertCMethod4PrimaryPointLocation>
                <q1:alertCMethod4SecondaryPointLocation>
                  <q1:alertCLocation>
                    <q1:specificLocation>44357</q1:specificLocation>
                  </q1:alertCLocation>
                  <q1:offsetDistance>
                    <q1:offsetDistance>2368</q1:offsetDistance>
                  </q1:offsetDistance>
                </q1:alertCMethod4SecondaryPointLocation>
              </q1:alertCLinear>
              <q1:linearExtension>
                <q1:extendedLinear>
                  <q1:linearByCoordinates>
                    <q1:roadNumber>A04</q1:roadNumber>
                    <q1:start>
                      <q1:latitude>48.176</q1:latitude>
                      <q1:longitude>16.4544</q1:longitude>
                    </q1:start>
                    <q1:intermediate index="1">
                      <q1:pointCoordinates>
                        <q1:latitude>48.1765</q1:latitude>
                        <q1:longitude>16.4542</q1:longitude>
                      </q1:pointCoordinates>
                    </q1:intermediate>
                    <q1:intermediate index="2">
                      <q1:pointCoordinates>
                        <q1:latitude>48.1771</q1:latitude>
                        <q1:longitude>16.4539</q1:longitude>
                      </q1:pointCoordinates>
                    </q1:intermediate>
                    <q1:intermediate index="3">
                      <q1:pointCoordinates>
                        <q1:latitude>48.1777</q1:latitude>
                        <q1:longitude>16.4536</q1:longitude>
                      </q1:pointCoordinates>
                    </q1:intermediate>
                    <q1:intermediate index="4">
                      <q1:pointCoordinates>
                        <q1:latitude>48.1782</q1:latitude>
                        <q1:longitude>16.4532</q1:longitude>
                      </q1:pointCoordinates>
                    </q1:intermediate>
                    <q1:intermediate index="5">
                      <q1:pointCoordinates>
                        <q1:latitude>48.1787</q1:latitude>
                        <q1:longitude>16.4529</q1:longitude>
                      </q1:pointCoordinates>
                    </q1:intermediate>
                    <q1:intermediate index="6">
                      <q1:pointCoordinates>
                        <q1:latitude>48.1791</q1:latitude>
                        <q1:longitude>16.4526</q1:longitude>
                      </q1:pointCoordinates>
                    </q1:intermediate>
                    <q1:intermediate index="7">
                      <q1:pointCoordinates>
                        <q1:latitude>48.1795</q1:latitude>
                        <q1:longitude>16.4523</q1:longitude>
                      </q1:pointCoordinates>
                    </q1:intermediate>
                    <q1:intermediate index="8">
                      <q1:pointCoordinates>
                        <q1:latitude>48.1799</q1:latitude>
                        <q1:longitude>16.452</q1:longitude>
                      </q1:pointCoordinates>
                    </q1:intermediate>
                    <q1:intermediate index="9">
                      <q1:pointCoordinates>
                        <q1:latitude>48.1803</q1:latitude>
                        <q1:longitude>16.4517</q1:longitude>
                      </q1:pointCoordinates>
                    </q1:intermediate>
                    <q1:end>
                      <q1:latitude>48.1807</q1:latitude>
                      <q1:longitude>16.4514</q1:longitude>
                    </q1:end>
                  </q1:linearByCoordinates>
                </q1:extendedLinear>
              </q1:linearExtension>
            </q1:location>
          </q1:locationContainedInItinerary>
        </q1:groupOfLocations>
        <q1:subjects>
          <q1:subjectTypeOfWorks>road</q1:subjectTypeOfWorks>
        </q1:subjects>
        <q1:roadMaintenanceType>resurfacingWork</q1:roadMaintenanceType>
      </q1:situationRecord>
      <q1:situationRecord xsi:type="q1:SpeedManagement" id="rww_test_2_3" version="1768">
        <q1:situationRecordCreationTime>2015-11-19T14:16:03+01:00</q1:situationRecordCreationTime>
        <q1:situationRecordVersionTime>2015-11-25T17:36:10+01:00</q1:situationRecordVersionTime>
        <q1:probabilityOfOccurrence>certain</q1:probabilityOfOccurrence>
        <q1:validity>
          <q1:validityStatus>definedByValidityTimeSpec</q1:validityStatus>
          <q1:validityTimeSpecification>
            <q1:overallStartTime>2015-11-25T17:36:10+01:00</q1:overallStartTime>
            <q1:overallEndTime>2015-11-25T19:36:10+01:00</q1:overallEndTime>
          </q1:validityTimeSpecification>
        </q1:validity>
        <q1:groupOfLocations xsi:type="q1:Linear">
          <q1:alertCLinear xsi:type="q1:AlertCMethod4Linear">
            <q1:alertCLocationCountryCode>10</q1:alertCLocationCountryCode>
            <q1:alertCLocationTableNumber>1</q1:alertCLocationTableNumber>
            <q1:alertCLocationTableVersion>3.0</q1:alertCLocationTableVersion>
            <q1:alertCDirection>
              <q1:alertCDirectionCoded>negative</q1:alertCDirectionCoded>
            </q1:alertCDirection>
            <q1:alertCMethod4PrimaryPointLocation>
              <q1:alertCLocation>
                <q1:specificLocation>30955</q1:specificLocation>
              </q1:alertCLocation>
              <q1:offsetDistance>
                <q1:offsetDistance>2152</q1:offsetDistance>
              </q1:offsetDistance>
            </q1:alertCMethod4PrimaryPointLocation>
            <q1:alertCMethod4SecondaryPointLocation>
              <q1:alertCLocation>
                <q1:specificLocation>44357</q1:specificLocation>
              </q1:alertCLocation>
              <q1:offsetDistance>
                <q1:offsetDistance>2368</q1:offsetDistance>
              </q1:offsetDistance>
            </q1:alertCMethod4SecondaryPointLocation>
          </q1:alertCLinear>
          <q1:linearExtension>
            <q1:extendedLinear>
              <q1:linearByCoordinates>
                <q1:roadNumber>A04</q1:roadNumber>
                <q1:start>
                  <q1:latitude>48.16617</q1:latitude>
                  <q1:longitude>16.46528</q1:longitude>
                </q1:start>
                <q1:end>
                  <q1:latitude>48.1807365</q1:latitude>
                  <q1:longitude>16.4512863</q1:longitude>
                </q1:end>
              </q1:linearByCoordinates>
            </q1:extendedLinear>
          </q1:linearExtension>
        </q1:groupOfLocations>
        <q1:complianceOption>mandatory</q1:complianceOption>
        <q1:speedManagementType>speedRestrictionInOperation</q1:speedManagementType>
        <q1:temporarySpeedLimit>80</q1:temporarySpeedLimit>
      </q1:situationRecord>
    </q1:situation>
    <q1:situation id="1112" version="1768">
      <q1:headerInformation>
        <q1:confidentiality>noRestriction</q1:confidentiality>
        <q1:informationStatus>test</q1:informationStatus>
      </q1:headerInformation>
      <q1:situationRecord xsi:type="q1:MaintenanceWorks" id="rww_test_11" version="1768">
        <q1:situationRecordCreationTime>2015-11-19T14:16:03+01:00</q1:situationRecordCreationTime>
        <q1:situationRecordVersionTime>2015-11-25T17:36:10+01:00</q1:situationRecordVersionTime>
        <q1:probabilityOfOccurrence>certain</q1:probabilityOfOccurrence>
        <q1:validity>
          <q1:validityStatus>definedByValidityTimeSpec</q1:validityStatus>
          <q1:validityTimeSpecification>
            <q1:overallStartTime>2015-11-25T17:36:10+01:00</q1:overallStartTime>
            <q1:overallEndTime>2015-11-25T19:36:10+01:00</q1:overallEndTime>
          </q1:validityTimeSpecification>
        </q1:validity>
        <q1:impact>
          <q1:numberOfLanesRestricted>2</q1:numberOfLanesRestricted>
          <q1:numberOfOperationalLanes>1</q1:numberOfOperationalLanes>
        </q1:impact>
        <q1:groupOfLocations xsi:type="q1:Linear">
          <q1:supplementaryPositionalDescription>
            <q1:affectedCarriagewayAndLanes>
              <q1:carriageway>mainCarriageway</q1:carriageway>
              <q1:lane>lane1</q1:lane>
              <q1:lane>lane2</q1:lane>
            </q1:affectedCarriagewayAndLanes>
          </q1:supplementaryPositionalDescription>
          <q1:alertCLinear xsi:type="q1:AlertCMethod4Linear">
            <q1:alertCLocationCountryCode>10</q1:alertCLocationCountryCode>
            <q1:alertCLocationTableNumber>1</q1:alertCLocationTableNumber>
            <q1:alertCLocationTableVersion>3.0</q1:alertCLocationTableVersion>
            <q1:alertCDirection>
              <q1:alertCDirectionCoded>negative</q1:alertCDirectionCoded>
            </q1:alertCDirection>
            <q1:alertCMethod4PrimaryPointLocation>
              <q1:alertCLocation>
                <q1:specificLocation>30957</q1:specificLocation>
              </q1:alertCLocation>
              <q1:offsetDistance>
                <q1:offsetDistance>4118</q1:offsetDistance>
              </q1:offsetDistance>
            </q1:alertCMethod4PrimaryPointLocation>
            <q1:alertCMethod4SecondaryPointLocation>
              <q1:alertCLocation>
                <q1:specificLocation>30956</q1:specificLocation>
              </q1:alertCLocation>
              <q1:offsetDistance>
                <q1:offsetDistance>636</q1:offsetDistance>
              </q1:offsetDistance>
            </q1:alertCMethod4SecondaryPointLocation>
          </q1:alertCLinear>
          <q1:linearExtension>
            <q1:extendedLinear>
              <q1:linearByCoordinates>
                <q1:roadNumber>A04</q1:roadNumber>
                <q1:start>
                  <q1:latitude>48.12875</q1:latitude>
                  <q1:longitude>16.56566</q1:longitude>
                </q1:start>
                <q1:end>
                  <q1:latitude>48.12955</q1:latitude>
                  <q1:longitude>16.5523052</q1:longitude>
                </q1:end>
              </q1:linearByCoordinates>
            </q1:extendedLinear>
          </q1:linearExtension>
        </q1:groupOfLocations>
        <q1:subjects>
          <q1:subjectTypeOfWorks>road</q1:subjectTypeOfWorks>
        </q1:subjects>
        <q1:roadMaintenanceType>resurfacingWork</q1:roadMaintenanceType>
      </q1:situationRecord>
      <q1:situationRecord xsi:type="q1:SpeedManagement" id="rww_test_1_2" version="1768">
        <q1:situationRecordCreationTime>2015-11-19T14:16:03+01:00</q1:situationRecordCreationTime>
        <q1:situationRecordVersionTime>2015-11-25T17:36:10+01:00</q1:situationRecordVersionTime>
        <q1:probabilityOfOccurrence>certain</q1:probabilityOfOccurrence>
        <q1:validity>
          <q1:validityStatus>definedByValidityTimeSpec</q1:validityStatus>
          <q1:validityTimeSpecification>
            <q1:overallStartTime>2015-11-25T17:36:10+01:00</q1:overallStartTime>
            <q1:overallEndTime>2015-11-25T19:36:10+01:00</q1:overallEndTime>
          </q1:validityTimeSpecification>
        </q1:validity>
        <q1:groupOfLocations xsi:type="q1:Linear">
          <q1:alertCLinear xsi:type="q1:AlertCMethod4Linear">
            <q1:alertCLocationCountryCode>10</q1:alertCLocationCountryCode>
            <q1:alertCLocationTableNumber>1</q1:alertCLocationTableNumber>
            <q1:alertCLocationTableVersion>3.0</q1:alertCLocationTableVersion>
            <q1:alertCDirection>
              <q1:alertCDirectionCoded>negative</q1:alertCDirectionCoded>
            </q1:alertCDirection>
            <q1:alertCMethod4PrimaryPointLocation>
              <q1:alertCLocation>
                <q1:specificLocation>30957</q1:specificLocation>
              </q1:alertCLocation>
              <q1:offsetDistance>
                <q1:offsetDistance>4118</q1:offsetDistance>
              </q1:offsetDistance>
            </q1:alertCMethod4PrimaryPointLocation>
            <q1:alertCMethod4SecondaryPointLocation>
              <q1:alertCLocation>
                <q1:specificLocation>30956</q1:specificLocation>
              </q1:alertCLocation>
              <q1:offsetDistance>
                <q1:offsetDistance>636</q1:offsetDistance>
              </q1:offsetDistance>
            </q1:alertCMethod4SecondaryPointLocation>
          </q1:alertCLinear>
          <q1:linearExtension>
            <q1:extendedLinear>
              <q1:linearByCoordinates>
                <q1:roadNumber>A04</q1:roadNumber>
                <q1:start>
                  <q1:latitude>48.12875</q1:latitude>
                  <q1:longitude>16.56566</q1:longitude>
                </q1:start>
                <q1:end>
                  <q1:latitude>48.12955</q1:latitude>
                  <q1:longitude>16.5523052</q1:longitude>
                </q1:end>
              </q1:linearByCoordinates>
            </q1:extendedLinear>
          </q1:linearExtension>
        </q1:groupOfLocations>
        <q1:complianceOption>mandatory</q1:complianceOption>
        <q1:speedManagementType>speedRestrictionInOperation</q1:speedManagementType>
        <q1:temporarySpeedLimit>80</q1:temporarySpeedLimit>
      </q1:situationRecord>
    </q1:situation>
  </q1:payloadPublication>
</q1:d2LogicalModel>