<?xml version="1.0" encoding="UTF-8" standalone="yes"?>
<d2LogicalModel xmlns:xsi="http://www.w3.org/2001/XMLSchema-instance" xmlns="http://datex2.eu/schema/2/2_0" xsi:schemaLocation="http://datex2.eu/schema/2/2_0 AustrianTrafficDataProfile.xsd" modelBaseVersion="2">
  <exchange>
    <supplierIdentification>
      <country>at</country>
      <nationalIdentifier>ASFINAG</nationalIdentifier>
    </supplierIdentification>
  </exchange>
  <payloadPublication xmlns:xsi="http://www.w3.org/2001/XMLSchema-instance" xsi:type="MeasurementSiteTablePublication" lang="en">
    <publicationTime>2017-10-19T15:00:00+02:00</publicationTime>
    <publicationCreator>
      <country>at</country>
      <nationalIdentifier>ASFINAG</nationalIdentifier>
    </publicationCreator>
    <headerInformation>
      <confidentiality>internalUse</confidentiality>
      <informationStatus>test</informationStatus>
    </headerInformation>
    <measurementSiteTable id="GUID-MeasurementTable" version="1">
      <measurementSiteRecord id="326290386" version="1">
        <measurementSiteLocation xsi:type="Point">
          <alertCPoint xsi:type="AlertCMethod4Point">
            <alertCLocationCountryCode>10</alertCLocationCountryCode>
            <alertCLocationTableNumber>1</alertCLocationTableNumber>
            <alertCLocationTableVersion>3.1</alertCLocationTableVersion>
            <alertCDirection>
              <alertCDirectionCoded>positive</alertCDirectionCoded>              
            </alertCDirection>
            <alertCMethod4PrimaryPointLocation>
              <alertCLocation>
                <specificLocation>35845</specificLocation>                
              </alertCLocation>
              <offsetDistance>
                <offsetDistance>3334</offsetDistance>
              </offsetDistance>
            </alertCMethod4PrimaryPointLocation>
          </alertCPoint>
          <pointByCoordinates>
            <pointCoordinates>
              <latitude>46.4876175</latitude>
              <longitude>14.0112314</longitude>
            </pointCoordinates>
          </pointByCoordinates>
          <pointExtension>
            <extendedPointForGipLink>
              <gipLinkPointLocationReference>
                <gipLink>
                  <linkId>461000385</linkId>
                  <linkDirection>fromTo</linkDirection>
                  <percentageFrom>
                    <percentageDistanceAlong>88.3</percentageDistanceAlong>
                  </percentageFrom>
                  <percentageTo>
                    <percentageDistanceAlong>89.5</percentageDistanceAlong>
                  </percentageTo>
                </gipLink>
              </gipLinkPointLocationReference>
            </extendedPointForGipLink>
          </pointExtension>
        </measurementSiteLocation>
      </measurementSiteRecord>
    </measurementSiteTable>
  </payloadPublication>
</d2LogicalModel>