<?xml version="1.0" encoding="UTF-8" standalone="yes"?>
<d2LogicalModel xmlns:xsi="http://www.w3.org/2001/XMLSchema-instance" xmlns="http://datex2.eu/schema/2/2_0" xsi:schemaLocation="http://datex2.eu/schema/2/2_0 AustrianTrafficDataProfile.xsd" modelBaseVersion="2">
  <exchange>
    <supplierIdentification>
      <country>at</country>
      <nationalIdentifier>ASFINAG</nationalIdentifier>
    </supplierIdentification>
  </exchange>
  <payloadPublication xmlns:xsi="http://www.w3.org/2001/XMLSchema-instance" xsi:type="MeasuredDataPublication" lang="en">
    <publicationTime>2017-10-19T15:00:00+02:00</publicationTime>
    <publicationCreator>
      <country>at</country>
      <nationalIdentifier>ASFINAG</nationalIdentifier>
    </publicationCreator>
    <measurementSiteTableReference targetClass="MeasurementSiteTable" id="GUID-MeasurementTable" version="1"/>
    <headerInformation>
      <confidentiality>internalUse</confidentiality>
      <informationStatus>test</informationStatus>
    </headerInformation>
    <siteMeasurements>
      <measurementSiteReference id="326290386" version="1" targetClass="MeasurementSiteRecord"/>
      <measurementTimeDefault>2016-03-31T20:32:00+01:00</measurementTimeDefault>
      <measuredValue index="0">
        <measuredValue>
          <basicData xsi:type="TrafficFlow">
            <measurementOrCalculationPeriod>240</measurementOrCalculationPeriod>
            <measurementOrCalculationTime>2016-03-31T20:32:00+01:00</measurementOrCalculationTime>
            <vehicleFlow>
              <vehicleFlowRate>2700</vehicleFlowRate>
            </vehicleFlow>
          </basicData>
        </measuredValue>
      </measuredValue>
      <measuredValue index="1">
        <measuredValue>
          <basicData xsi:type="TrafficFlow">
            <measurementOrCalculationPeriod>240</measurementOrCalculationPeriod>
            <measurementOrCalculationTime>2016-03-31T20:32:00+01:00</measurementOrCalculationTime>
            <forVehiclesWithCharacteristicsOf>
              <vehicleType>lorry</vehicleType>
            </forVehiclesWithCharacteristicsOf>
            <vehicleFlow>
              <vehicleFlowRate>600</vehicleFlowRate>
            </vehicleFlow>
          </basicData>
        </measuredValue>
      </measuredValue>
      <measuredValue index="2">
        <measuredValue>
          <basicData xsi:type="TrafficFlow">
            <measurementOrCalculationPeriod>240</measurementOrCalculationPeriod>
            <measurementOrCalculationTime>2016-03-31T20:32:00+01:00</measurementOrCalculationTime>
            <forVehiclesWithCharacteristicsOf>
              <vehicleType>car</vehicleType>
            </forVehiclesWithCharacteristicsOf>
            <vehicleFlow>
              <vehicleFlowRate>2100</vehicleFlowRate>
            </vehicleFlow>
          </basicData>
        </measuredValue>
      </measuredValue>
      <measuredValue index="3">
        <measuredValue>
          <basicData xsi:type="TrafficSpeed">
            <measurementOrCalculationPeriod>240</measurementOrCalculationPeriod>
            <measurementOrCalculationTime>2016-03-31T20:32:00+01:00</measurementOrCalculationTime>
            <averageVehicleSpeed>
              <speed>154</speed>
            </averageVehicleSpeed>
            <!--LevelB extension for min, max, and delta speeds.-->
            <trafficSpeedExtension>
              <trafficSpeedExtended>
                <maxVehicleSpeed>
                  <speed>180</speed>
                </maxVehicleSpeed>
                <deltaVehicleSpeed>
                  <speed>20</speed>
                </deltaVehicleSpeed>
                <minVehicleSpeed>
                  <speed>68</speed>
                </minVehicleSpeed>
              </trafficSpeedExtended>
            </trafficSpeedExtension>
          </basicData>
        </measuredValue>
      </measuredValue>
      <measuredValue index="4">
        <measuredValue>
          <basicData xsi:type="TrafficSpeed">
            <measurementOrCalculationPeriod>240</measurementOrCalculationPeriod>
            <measurementOrCalculationTime>2016-03-31T20:32:00+01:00</measurementOrCalculationTime>
            <forVehiclesWithCharacteristicsOf>
              <vehicleType>lorry</vehicleType>
            </forVehiclesWithCharacteristicsOf>
            <averageVehicleSpeed>
              <speed>65</speed>
            </averageVehicleSpeed>
          </basicData>
        </measuredValue>
      </measuredValue>
      <measuredValue index="5">
        <measuredValue>
          <basicData xsi:type="TrafficSpeed">
            <measurementOrCalculationPeriod>240</measurementOrCalculationPeriod>
            <measurementOrCalculationTime>2016-03-31T20:32:00+01:00</measurementOrCalculationTime>
            <forVehiclesWithCharacteristicsOf>
              <vehicleType>car</vehicleType>
            </forVehiclesWithCharacteristicsOf>
            <averageVehicleSpeed>
              <speed>180</speed>
            </averageVehicleSpeed>
          </basicData>
        </measuredValue>
      </measuredValue>
      <measuredValue index="6">
        <measuredValue>
          <basicData xsi:type="TrafficFlow">
            <measurementOrCalculationPeriod>240</measurementOrCalculationPeriod>
            <measurementOrCalculationTime>2016-03-31T20:32:00+01:00</measurementOrCalculationTime>
            <forVehiclesWithCharacteristicsOf>
              <vehicleType>lorry</vehicleType>
            </forVehiclesWithCharacteristicsOf>
            <percentageLongVehicles>
              <percentage>22</percentage>
            </percentageLongVehicles>
          </basicData>
        </measuredValue>
      </measuredValue>
      <measuredValue index="7">
        <measuredValue>
          <basicData xsi:type="TrafficConcentration">
            <measurementOrCalculationPeriod>240</measurementOrCalculationPeriod>
            <measurementOrCalculationTime>2016-03-31T20:32:00+01:00</measurementOrCalculationTime>
            <concentration>
              <concentrationOfVehicles>21</concentrationOfVehicles>
            </concentration>
          </basicData>
        </measuredValue>
      </measuredValue>
      <measuredValue index="8">
        <measuredValue>
          <basicData xsi:type="TrafficFlow">
            <measurementOrCalculationPeriod>240</measurementOrCalculationPeriod>
            <measurementOrCalculationTime>2016-03-31T20:32:00+01:00</measurementOrCalculationTime>
            <pcuFlow>
              <pcuFlowRate>3300</pcuFlowRate>
            </pcuFlow>
          </basicData>
        </measuredValue>
      </measuredValue>
      <measuredValue index="9">
        <measuredValue>
          <basicData xsi:type="TrafficConcentration">
            <measurementOrCalculationPeriod>240</measurementOrCalculationPeriod>
            <measurementOrCalculationTime>2016-03-31T20:32:00+01:00</measurementOrCalculationTime>
            <occupancy>
              <percentage>1</percentage>
            </occupancy>
          </basicData>
        </measuredValue>
      </measuredValue>

      <!--Example for wert_status, values other than 0 (10,11,12,20,99)-->
      <measuredValue index="10">
        <measuredValue>
          <measurementEquipmentFault>
            <faultCreationTime>2016-03-31T20:32:00+01:00</faultCreationTime>
            <faultLastUpdateTime>2016-03-31T20:32:00+01:00</faultLastUpdateTime>
            <measurementEquipmentFault>spuriousUnreliableDataValues</measurementEquipmentFault>
          </measurementEquipmentFault>
          <basicData xsi:type="TrafficSpeed">
            <forVehiclesWithCharacteristicsOf>
              <vehicleType>car</vehicleType>
            </forVehiclesWithCharacteristicsOf>
            <averageVehicleSpeed>
              <speed>255</speed>
            </averageVehicleSpeed>
          </basicData>
        </measuredValue>
      </measuredValue>
     
    </siteMeasurements>

  </payloadPublication>
</d2LogicalModel>