<?xml version="1.0" encoding="utf-8"?>

<!-- Example file RestArea -->

<ns:d2LogicalModel modelBaseVersion="2" xmlns:ns="http://datex2.eu/schema/2/2_0"  xmlns:xsi="http://www.w3.org/2001/XMLSchema-instance" xsi:schemaLocation="http://datex2.eu/schema/2/2_0 DATEX_II-Profile_RestArea-Static_ASFINAG.xsd">
  <ns:exchange>
    <ns:supplierIdentification>
      <ns:country>at</ns:country>
      <ns:nationalIdentifier>ASFINAG</ns:nationalIdentifier>
    </ns:supplierIdentification>
  </ns:exchange>
  <ns:payloadPublication d2p1:type="ns:GenericPublication" lang="de-at" xmlns:d2p1="http://www.w3.org/2001/XMLSchema-instance">
    <ns:publicationTime>2015-03-31T12:54:05.3939225+02:00</ns:publicationTime>
    <ns:publicationCreator>
      <ns:country>at</ns:country>
      <ns:nationalIdentifier>ASFINAG</ns:nationalIdentifier>
    </ns:publicationCreator>
    <ns:genericPublicationName>ParkingTablePublication</ns:genericPublicationName>
    <ns:genericPublicationExtension>
      <ns:parkingTablePublication>
        <ns:headerInformation>
          <ns:confidentiality>noRestriction</ns:confidentiality>
          <ns:informationStatus>real</ns:informationStatus>
        </ns:headerInformation>
        <ns:parkingTable id="bb3a43a5-fd59-45b3-8f07-841367532495" version="1">
          <ns:parkingTableVersionTime>2015-03-31T12:54:05.3939225+02:00</ns:parkingTableVersionTime>
          <ns:parkingRecord d2p1:type="ns:InterUrbanParkingSite" id="RP023" version="1">
            <ns:parkingName>
              <ns:values>
                <ns:value lang="de-at">Glanegg/West</ns:value>
              </ns:values>
            </ns:parkingName>
            <ns:parkingRecordVersionTime>2015-03-31T04:30:02+02:00</ns:parkingRecordVersionTime>
            <ns:operator d2p1:type="ns:ContactDetails" id="RP023" version="1">
              <ns:contactOrganisationName>
                <ns:values>
                  <ns:value lang="de-at">ASFINAG Service Center</ns:value>
                </ns:values>
              </ns:contactOrganisationName>
              <ns:contactDetailsTelephoneNumber>0800 400 12 400</ns:contactDetailsTelephoneNumber>
              <ns:contactDetailsEMail>info@asfinag.at</ns:contactDetailsEMail>
            </ns:operator>
            <ns:parkingLocation d2p1:type="ns:Point">
              <ns:pointAlongLinearElement>
                <ns:directionRelativeAtPoint>aligned</ns:directionRelativeAtPoint>
                <ns:linearElement>
                  <ns:roadName>
                    <ns:values>
                      <ns:value lang="de-at">Tauern Autobahn</ns:value>
                    </ns:values>
                  </ns:roadName>
                  <ns:roadNumber>A10</ns:roadNumber>
                </ns:linearElement>
                <ns:distanceAlongLinearElement d2p1:type="ns:DistanceFromLinearElementStart">
                  <ns:distanceAlong>4276</ns:distanceAlong>
                </ns:distanceAlongLinearElement>
              </ns:pointAlongLinearElement>
              <ns:pointByCoordinates>
                <ns:pointCoordinates>
                  <ns:latitude>47.7563362</ns:latitude>
                  <ns:longitude>13.0069447</ns:longitude>
                </ns:pointCoordinates>
              </ns:pointByCoordinates>
            </ns:parkingLocation>
            <ns:tariffsAndPayment>
              <ns:freeOfCharge>true</ns:freeOfCharge>
            </ns:tariffsAndPayment>
            <ns:groupOfParkingSpaces groupIndex="0">
              <ns:parkingSpaceBasics d2p1:type="ns:GroupOfParkingSpaces">
                <ns:assignedParkingAmongOthers>
                  <ns:vehicleCharacteristics>
                    <ns:vehicleType>lorry</ns:vehicleType>
                  </ns:vehicleCharacteristics>
                </ns:assignedParkingAmongOthers>
                <ns:parkingNumberOfSpaces>7</ns:parkingNumberOfSpaces>
                <ns:parkingTypeOfGroup>statisticsOnly</ns:parkingTypeOfGroup>
              </ns:parkingSpaceBasics>
            </ns:groupOfParkingSpaces>
            <ns:groupOfParkingSpaces groupIndex="1">
              <ns:parkingSpaceBasics d2p1:type="ns:GroupOfParkingSpaces">
                <ns:assignedParkingAmongOthers>
                  <ns:vehicleCharacteristics>
                    <ns:vehicleType>car</ns:vehicleType>
                  </ns:vehicleCharacteristics>
                </ns:assignedParkingAmongOthers>
                <ns:parkingNumberOfSpaces>23</ns:parkingNumberOfSpaces>
                <ns:parkingTypeOfGroup>statisticsOnly</ns:parkingTypeOfGroup>
              </ns:parkingSpaceBasics>
            </ns:groupOfParkingSpaces>
            <ns:groupOfParkingSpaces groupIndex="2">
              <ns:parkingSpaceBasics d2p1:type="ns:GroupOfParkingSpaces">
                <ns:assignedParkingAmongOthers>
                  <ns:vehicleCharacteristics>
                    <ns:vehicleCharacteristicsExtension>
                      <ns:vehicleCharacteristicsExtended>
                        <ns:loadType2>refrigeratedGoods</ns:loadType2>
                      </ns:vehicleCharacteristicsExtended>
                    </ns:vehicleCharacteristicsExtension>
                  </ns:vehicleCharacteristics>
                </ns:assignedParkingAmongOthers>
                <ns:parkingNumberOfSpaces>0</ns:parkingNumberOfSpaces>
                <ns:parkingTypeOfGroup>statisticsOnly</ns:parkingTypeOfGroup>
              </ns:parkingSpaceBasics>
            </ns:groupOfParkingSpaces>
            <ns:parkingSiteAddress d2p1:type="ns:ContactDetails" id="RP023" version="1">
              <ns:contactOrganisationName>
                <ns:values>
                  <ns:value lang="de-at">Glanegg/West</ns:value>
                </ns:values>
              </ns:contactOrganisationName>
              <ns:country>at</ns:country>
            </ns:parkingSiteAddress>


            <!-- Indication of a restArea. It is also possible to define a restArea only for a group of spaces, not the complete site like here -->
            <ns:parkingUsageScenario scenarioIndex="0">
              <ns:parkingUsageScenario>
                <ns:parkingUsageScenario>restArea</ns:parkingUsageScenario>
              </ns:parkingUsageScenario>
            </ns:parkingUsageScenario>
            
            
            <ns:parkingAccess id="RP023_0">
              <ns:accessCategory>unspecified</ns:accessCategory>
              <ns:primaryRoad>
                <ns:roadIdentifier>
                  <ns:values>
                    <ns:value lang="de-at">A10</ns:value>
                  </ns:values>
                </ns:roadIdentifier>
                <ns:typeOfRoad>motorway</ns:typeOfRoad>
                <ns:roadDestination>
                  <ns:values>
                    <ns:value lang="de-at">Villach</ns:value>
                  </ns:values>
                </ns:roadDestination>
              </ns:primaryRoad>
              <ns:location d2p1:type="ns:Point">
                <ns:pointByCoordinates>
                  <ns:pointCoordinates>
                    <ns:latitude>47.7563362</ns:latitude>
                    <ns:longitude>13.0069447</ns:longitude>
                  </ns:pointCoordinates>
                </ns:pointByCoordinates>
              </ns:location>
            </ns:parkingAccess>
            <ns:parkingStandardsAndSecurity>
              <ns:parkingSecurity>cctv</ns:parkingSecurity>
            </ns:parkingStandardsAndSecurity>
            <ns:interUrbanParkingSiteLocation>motorway</ns:interUrbanParkingSiteLocation>
          </ns:parkingRecord>
         </ns:parkingTable>
      </ns:parkingTablePublication>
    </ns:genericPublicationExtension>
  </ns:payloadPublication>
</ns:d2LogicalModel>