﻿<?xml version="1.0" encoding="utf-8"?>
<!--
An example to describe the validity using periods, times, and days.
-->
<d2LogicalModel modelBaseVersion="2" xmlns="http://datex2.eu/schema/2/2_0" xmlns:xsi="http://www.w3.org/2001/XMLSchema-instance" xsi:schemaLocation="http://datex2.eu/schema/2/2_0 ../AustrianUnplannedEventsProfile.xsd">
  <exchange>
    <supplierIdentification>
      <country>at</country>
      <nationalIdentifier>ASFINAG</nationalIdentifier>
    </supplierIdentification>
  </exchange>
  <payloadPublication xsi:type="SituationPublication" lang="de-at">
    <publicationTime>2017-04-13T09:00:00</publicationTime>
    <publicationCreator>
      <country>at</country>
      <nationalIdentifier>ASFINAG</nationalIdentifier>
    </publicationCreator>
    <payloadPublicationExtension>
      <payloadPublicationExtended>
        <!--Extension to provide information about the main language and the offered translations of the text content in the traffic message-->
        <languageInfo>
          <mainLanguage>de-at</mainLanguage>
          <translation>en</translation>
        </languageInfo>
      </payloadPublicationExtended>
    </payloadPublicationExtension>
    <situation id="RW_C_2099547" version="8">
      <headerInformation>
        <confidentiality>noRestriction</confidentiality>
        <informationStatus>real</informationStatus>
      </headerInformation>
      <situationRecord xsi:type="MaintenanceWorks" id="419856R" version="1">
        <situationRecordCreationTime>2017-11-20T09:00:00+01:00</situationRecordCreationTime>
        <situationRecordVersionTime>2017-11-29T23:48:33+01:00</situationRecordVersionTime>
        <probabilityOfOccurrence>certain</probabilityOfOccurrence>        
        <!--Enhanced validity-->
        <validity>
          <validityStatus>definedByValidityTimeSpec</validityStatus>
          <validityTimeSpecification>
            <!--Overall start and endtime of the validity-->
            <overallStartTime>2017-11-20T09:00:00+01:00</overallStartTime>
            <overallEndTime>2017-12-08T20:00:00+01:00</overallEndTime>
            <!--Validity defined in periods-->
            <validPeriod>
              <startOfPeriod>2017-11-27T09:00:00+01:00</startOfPeriod>
              <endOfPeriod>2017-12-01T20:00:00+01:00</endOfPeriod>
            </validPeriod>
            <validPeriod>
              <startOfPeriod>2017-12-04T09:00:00+01:00</startOfPeriod>
              <endOfPeriod>2017-12-08T20:00:00+01:00</endOfPeriod>
            </validPeriod>
            <validPeriod>
              <startOfPeriod>2017-11-20T09:00:00+01:00</startOfPeriod>
              <endOfPeriod>2017-11-24T20:00:00+01:00</endOfPeriod>
              <!--Valid period by times-->
              <recurringTimePeriodOfDay xsi:type="TimePeriodByHour">
                <startTimeOfPeriod>09:00:00</startTimeOfPeriod>
                <endTimeOfPeriod>10:00:00</endTimeOfPeriod>
              </recurringTimePeriodOfDay>
              <recurringTimePeriodOfDay xsi:type="TimePeriodByHour">
                <startTimeOfPeriod>12:00:00</startTimeOfPeriod>
                <endTimeOfPeriod>13:00:00</endTimeOfPeriod>
              </recurringTimePeriodOfDay>
              <recurringTimePeriodOfDay xsi:type="TimePeriodByHour">
                <startTimeOfPeriod>15:00:00</startTimeOfPeriod>
                <endTimeOfPeriod>17:00:00</endTimeOfPeriod>
              </recurringTimePeriodOfDay>
              <recurringTimePeriodOfDay xsi:type="TimePeriodByHour">
                <startTimeOfPeriod>19:00:00</startTimeOfPeriod>
                <endTimeOfPeriod>20:00:00</endTimeOfPeriod>
              </recurringTimePeriodOfDay>
            </validPeriod>
            <validPeriod>
              <startOfPeriod>2017-11-26T09:00:00+01:00</startOfPeriod>
              <endOfPeriod>2017-11-29T20:00:00+01:00</endOfPeriod>
              <!--Valid period by times and days-->
              <recurringTimePeriodOfDay xsi:type="TimePeriodByHour">
                <startTimeOfPeriod>09:00:00</startTimeOfPeriod>
                <endTimeOfPeriod>10:00:00</endTimeOfPeriod>
              </recurringTimePeriodOfDay>
              <recurringTimePeriodOfDay xsi:type="TimePeriodByHour">
                <startTimeOfPeriod>12:00:00</startTimeOfPeriod>
                <endTimeOfPeriod>13:00:00</endTimeOfPeriod>
              </recurringTimePeriodOfDay>
              <recurringDayWeekMonthPeriod>
                <applicableDay>monday</applicableDay>
                <applicableDay>tuesday</applicableDay>
              </recurringDayWeekMonthPeriod>
            </validPeriod>
          </validityTimeSpecification>
        </validity>
        <impact>
          <numberOfLanesRestricted>1</numberOfLanesRestricted>
          <numberOfOperationalLanes>2</numberOfOperationalLanes>
          <originalNumberOfLanes>3</originalNumberOfLanes>
          <trafficConstrictionType>lanesBlocked</trafficConstrictionType>
        </impact>
        <generalPublicComment>
          <comment>
            <values>
              <value lang="de-at"/>
              <value lang="en"/>
            </values>
          </comment>
        </generalPublicComment>
        <groupOfLocations xsi:type="Linear">
          <groupOfLocationsExtension>
            <!--Extension to provide location info such as location text and road info-->
            <groupOfLocationsExtended>
              <!--Road info-->
              <roadInfo>
                <roadNumber>A02</roadNumber>
                <roadName>
                  <values>
                    <value lang="de-at">Süd Autobahn</value>
                    <value lang="de-at">A2 Motorway</value>
                  </values>
                </roadName>
                <roadOperator>
                  ASFINAG
                </roadOperator>
                <roadSection>E.g. Section</roadSection>
              </roadInfo>
              <!--Location info-->
              <locationInfo>
                <country>at</country>
                <region>Mödling</region>
                <locationName>
                  <values>
                    <value lang="de-at">E.g. Name of the location</value>
                  </values>
                </locationName>
                <locationText>
                  <values>
                    <value lang="de-at"/>
                    <value lang="en"/>
                  </values>
                </locationText>
              </locationInfo>
            </groupOfLocationsExtended>
          </groupOfLocationsExtension>
          <supplementaryPositionalDescription>
            <affectedCarriagewayAndLanes>
              <carriageway>mainCarriageway</carriageway>
              <lane>lane3</lane>
            </affectedCarriagewayAndLanes>
          </supplementaryPositionalDescription>
          <alertCLinear xsi:type="AlertCMethod4Linear">
            <alertCLocationCountryCode>10</alertCLocationCountryCode>
            <alertCLocationTableNumber>1</alertCLocationTableNumber>
            <alertCLocationTableVersion>3.1</alertCLocationTableVersion>
            <alertCDirection>
              <alertCDirectionCoded>negative</alertCDirectionCoded>
            </alertCDirection>
            <alertCMethod4PrimaryPointLocation>
              <alertCLocation>
                <specificLocation>31217</specificLocation>
              </alertCLocation>
              <offsetDistance>
                <offsetDistance>3079</offsetDistance>
              </offsetDistance>
            </alertCMethod4PrimaryPointLocation>
            <alertCMethod4SecondaryPointLocation>
              <alertCLocation>
                <specificLocation>31218</specificLocation>
              </alertCLocation>
              <offsetDistance>
                <offsetDistance>2494</offsetDistance>
              </offsetDistance>
            </alertCMethod4SecondaryPointLocation>
          </alertCLinear>
          <linearExtension>
            <extendedLinear>
              <linearByCoordinates>
                <roadNumber>A02</roadNumber>
                <start>
                  <latitude>47.7292747</latitude>
                  <longitude>16.1530418</longitude>
                </start>
                <end>
                  <latitude>47.759903</latitude>
                  <longitude>16.20098</longitude>
                </end>
              </linearByCoordinates>
            </extendedLinear>
            <extendedLinearForGipLink>
              <gipLinkLinearLocationReference version="1612" name="gipat_1612_linknetz_hotfix">
                <gipLink index="1">
                  <gipLink>
                    <linkId>461000808</linkId>
                    <linkPercentageFrom>
                      <percentageDistanceAlong>1</percentageDistanceAlong>
                    </linkPercentageFrom>
                    <linkPercentageTo>
                      <percentageDistanceAlong>100</percentageDistanceAlong>
                    </linkPercentageTo>
                    <referenceDirection>toFrom</referenceDirection>
                  </gipLink>
                </gipLink>
                <gipLink index="2">
                  <gipLink>
                    <linkId>461006111</linkId>
                    <linkPercentageFrom>
                      <percentageDistanceAlong>1.6</percentageDistanceAlong>
                    </linkPercentageFrom>
                    <linkPercentageTo>
                      <percentageDistanceAlong>100</percentageDistanceAlong>
                    </linkPercentageTo>
                    <referenceDirection>toFrom</referenceDirection>
                  </gipLink>
                </gipLink>
              </gipLinkLinearLocationReference>
            </extendedLinearForGipLink>
          </linearExtension>
        </groupOfLocations>
        <situationRecordExtension>
          <situationRecordExtended>
            <!--Extension to provide affected modes of transport-->
            <affectedModesOfTransport>
              <affectedMode>allMotorizedTraffic</affectedMode>
            </affectedModesOfTransport>
            <!--Extension to provide event codes-->
            <additionalInformationRelatedToEvent>
              <eventTypeInfo>
                <alertCEventCode>105</alertCEventCode>
              </eventTypeInfo>
            </additionalInformationRelatedToEvent>
          </situationRecordExtended>
        </situationRecordExtension>
        <roadMaintenanceType>maintenanceWork</roadMaintenanceType>
      </situationRecord>
    </situation>
  </payloadPublication>
</d2LogicalModel>