﻿<?xml version="1.0" encoding="utf-8"?>
<!--
An example traffic message with GIP location referencing. The following levelb extensions are included:

1) groupOfLocationsExtendedAustrianProfile :- To provide roadInfo (roadname, roadnumber, operator, roadsection(s)) and locationInfo (country, region(s), locationName, locationText)
2) extendedLinearForGipLink :- To provide GIP location referencing
3) situationRecordExtendedAustrianProfile
    4.1) affectedModesOfTransport :- To provide transportation modes or mean that are affected. E.g. car, bus, vehicle over 7.5t, etc.,
    4.2) additionalInformationRelatedToEvent :- To provide event codes
4) situationExtendedAustrianProfile :- To provide partner info.
      
-->
<d2LogicalModel modelBaseVersion="2" xmlns="http://datex2.eu/schema/2/2_0" xmlns:xsi="http://www.w3.org/2001/XMLSchema-instance" xsi:schemaLocation="http://datex2.eu/schema/2/2_0 ../AustrianUnplannedEventsProfile.xsd">
  <exchange>
    <supplierIdentification>
      <country>at</country>
      <nationalIdentifier>ASFINAG</nationalIdentifier>
    </supplierIdentification>    
  </exchange>
  <payloadPublication xsi:type="SituationPublication" lang="de-at">
    <publicationTime>2017-04-13T09:00:00</publicationTime>
    <publicationCreator>
      <country>at</country>
      <nationalIdentifier>ASFINAG</nationalIdentifier>
    </publicationCreator>
    <payloadPublicationExtension>
      <payloadPublicationExtended>
        <!--Extension to provide information about the main language and the offered translations of the text content in the traffic message-->
        <languageInfo>
          <mainLanguage>de-at</mainLanguage>
          <translation>en</translation>
        </languageInfo>
      </payloadPublicationExtended>
    </payloadPublicationExtension>
    <situation id="8438400" version="8">
      <!--Related situation if any-->
      <relatedSituation id="Related-Situation-Id" version="Related-Situation-Version" targetClass="Situation"/>
      <headerInformation>
        <confidentiality>noRestriction</confidentiality>
        <informationStatus>real</informationStatus>
      </headerInformation>
      <situationRecord xsi:type="AbnormalTraffic" id="8438400_105_1" version="8">
        <situationRecordCreationTime>2017-10-12T08:13:23+02:00</situationRecordCreationTime>
        <situationRecordVersionTime>2017-10-12T09:21:52+02:00</situationRecordVersionTime>
        <probabilityOfOccurrence>certain</probabilityOfOccurrence>
        <source>
          <sourceCountry>at</sourceCountry>
          <sourceIdentification>ASFINAG</sourceIdentification>
          <sourceName>
            <values>
              <!--Source: https://www.asfinag.at/en/-->
              <value lang="en">ASFiNAG</value>
              <value lang="de-at">Autobahnen- und Schnellstraßen-Finanzierungs-Aktiengesellschaft</value>
            </values>
          </sourceName>
        </source>
        <validity>
          <validityStatus>definedByValidityTimeSpec</validityStatus>
          <validityTimeSpecification>
            <overallStartTime>2017-10-12T08:13:23+02:00</overallStartTime>
            <overallEndTime>2017-10-12T11:21:52+02:00</overallEndTime>
          </validityTimeSpecification>
        </validity>
        <generalPublicComment>
          <comment>
            <values>
              <value lang="de-at"> zwischen IZ NÖ - Süd  (km 11) und Mödling  (km 7) bei km 7, Störung behoben, Stau bis IZ NÖ - Süd Ast</value>
              <value lang="en"> between IZ NÖ - Süd  (km 11) and Mödling  (km 7) at km 7, traffic jam to IZ NÖ - Süd Ast</value>
            </values>
          </comment>
        </generalPublicComment>
        <groupOfLocations xsi:type="Linear">
          <groupOfLocationsExtension>
            <!--Extension to provide location info such as location text and road info-->
            <groupOfLocationsExtended>
              <!--Road info-->
              <roadInfo>
                <roadNumber>A02</roadNumber>
                <roadName>
                  <values>
                    <value lang="de-at">Süd Autobahn</value>
                    <value lang="de-at">A2 Motorway</value>
                  </values>
                </roadName>
                <roadOperator>
                  ASFINAG
                </roadOperator>
                <roadSection>E.g. Section</roadSection>
              </roadInfo>
              <!--Location info-->
              <locationInfo>
                <country>at</country>
                <region>Mödling</region>
                <locationName>
                  <values>
                    <value lang="de-at">E.g. Name of the location</value>
                  </values>
                </locationName>
                <locationText>
                  <values>
                    <value lang="de-at">zwischen IZ NÖ - Süd  (km 11) und Mödling  (km 7) bei km 7</value>
                    <value lang="en">between IZ NÖ - Süd  (km 11) and Mödling  (km 7) at km 7</value>
                  </values>
                </locationText>
              </locationInfo>
            </groupOfLocationsExtended>
          </groupOfLocationsExtension>
          <alertCLinear xsi:type="AlertCMethod4Linear">
            <alertCLocationCountryCode>10</alertCLocationCountryCode>
            <alertCLocationTableNumber>1</alertCLocationTableNumber>
            <alertCLocationTableVersion>3.1</alertCLocationTableVersion>
            <alertCDirection>
              <alertCDirectionCoded>negative</alertCDirectionCoded>
            </alertCDirection>
            <alertCMethod4PrimaryPointLocation>
              <alertCLocation>
                <specificLocation>31209</specificLocation>
              </alertCLocation>
              <offsetDistance>
                <offsetDistance>68</offsetDistance>
              </offsetDistance>
            </alertCMethod4PrimaryPointLocation>
            <alertCMethod4SecondaryPointLocation>
              <alertCLocation>
                <specificLocation>44354</specificLocation>
              </alertCLocation>
              <offsetDistance>
                <offsetDistance>18</offsetDistance>
              </offsetDistance>
            </alertCMethod4SecondaryPointLocation>
          </alertCLinear>
          <linearExtension>
            <extendedLinear>
              <linearByCoordinates>
                <roadNumber>A02</roadNumber>
                <start>
                  <latitude>48.0602341</latitude>
                  <longitude>16.3403034</longitude>
                </start>
                <end>
                  <latitude>48.09803</latitude>
                  <longitude>16.3225384</longitude>
                </end>
              </linearByCoordinates>
            </extendedLinear>
            <!--Extension for Linear to provide GIP location referencing-->
            <extendedLinearForGipLink>
              <gipLinkLinearLocationReference version="1612" name="gipat_1612_linknetz_hotfix">
                <gipLink index="1">
                  <gipLink>
                    <linkId>461000808</linkId>
                    <linkPercentageFrom>
                      <percentageDistanceAlong>1</percentageDistanceAlong>
                    </linkPercentageFrom>
                    <linkPercentageTo>
                      <percentageDistanceAlong>100</percentageDistanceAlong>
                    </linkPercentageTo>
                    <referenceDirection>toFrom</referenceDirection>
                  </gipLink>
                </gipLink>
                <gipLink index="2">
                  <gipLink>
                    <linkId>461006111</linkId>
                    <linkPercentageFrom>
                      <percentageDistanceAlong>1.6</percentageDistanceAlong>
                    </linkPercentageFrom>
                    <linkPercentageTo>
                      <percentageDistanceAlong>100</percentageDistanceAlong>
                    </linkPercentageTo>
                    <referenceDirection>toFrom</referenceDirection>
                  </gipLink>
                </gipLink>
                <gipLink index="3">
                  <gipLink>
                    <linkId>461006111</linkId>
                    <linkPercentageFrom>
                      <percentageDistanceAlong>1.6</percentageDistanceAlong>
                    </linkPercentageFrom>
                    <linkPercentageTo>
                      <percentageDistanceAlong>100</percentageDistanceAlong>
                    </linkPercentageTo>
                    <referenceDirection>toFrom</referenceDirection>
                  </gipLink>
                </gipLink>
                <gipLink index="4">
                  <gipLink>
                    <linkId>461006111</linkId>
                    <linkPercentageFrom>
                      <percentageDistanceAlong>1.6</percentageDistanceAlong>
                    </linkPercentageFrom>
                    <linkPercentageTo>
                      <percentageDistanceAlong>100</percentageDistanceAlong>
                    </linkPercentageTo>
                    <referenceDirection>toFrom</referenceDirection>
                  </gipLink>
                </gipLink>
                <gipLink index="5">
                  <gipLink>
                    <linkId>461006111</linkId>
                    <linkPercentageFrom>
                      <percentageDistanceAlong>1.6</percentageDistanceAlong>
                    </linkPercentageFrom>
                    <linkPercentageTo>
                      <percentageDistanceAlong>100</percentageDistanceAlong>
                    </linkPercentageTo>
                    <referenceDirection>toFrom</referenceDirection>
                  </gipLink>
                </gipLink>
                <gipLink index="6">
                  <gipLink>
                    <linkId>461006111</linkId>
                    <linkPercentageFrom>
                      <percentageDistanceAlong>1.6</percentageDistanceAlong>
                    </linkPercentageFrom>
                    <linkPercentageTo>
                      <percentageDistanceAlong>100</percentageDistanceAlong>
                    </linkPercentageTo>
                    <referenceDirection>toFrom</referenceDirection>
                  </gipLink>
                </gipLink>
                <gipLink index="7">
                  <gipLink>
                  <linkId>461006111</linkId>
                    <linkPercentageFrom>
                      <percentageDistanceAlong>1.6</percentageDistanceAlong>
                    </linkPercentageFrom>
                    <linkPercentageTo>
                      <percentageDistanceAlong>100</percentageDistanceAlong>
                    </linkPercentageTo>
                    <referenceDirection>toFrom</referenceDirection>
                  </gipLink>
                </gipLink>
              </gipLinkLinearLocationReference>
            </extendedLinearForGipLink>
          </linearExtension>
        </groupOfLocations>
        <situationRecordExtension>
          <situationRecordExtended>   
            <!--Extension to provide affected modes of transport-->
            <affectedModesOfTransport>
              <affectedMode>allMotorizedTraffic</affectedMode>
            </affectedModesOfTransport>
            <!--Extension to provide event codes-->
            <additionalInformationRelatedToEvent>              
              <eventTypeInfo>
                <alertCEventCode>105</alertCEventCode>
              </eventTypeInfo>
            </additionalInformationRelatedToEvent>       
          </situationRecordExtended>
        </situationRecordExtension>
        <abnormalTrafficType>stationaryTraffic</abnormalTrafficType>
        <queueLength>6000</queueLength>
      </situationRecord>
    </situation>
  </payloadPublication>
</d2LogicalModel>