﻿<?xml version="1.0" encoding="utf-8"?>
<!--
An example for an unplanned event with detour information using the Austria Profile. Demonstrates the required and possible data elements that are mappable to EVIS data elements.

Only the levelb extension for GIP location referencing is provided here as the rest of the levelb extensions used in the Austrian Traffic message profile are provided in the example file "TrafficMessages.Example for GIP.xml"
-->
<d2LogicalModel modelBaseVersion="2" xmlns="http://datex2.eu/schema/2/2_0" xmlns:xsi="http://www.w3.org/2001/XMLSchema-instance" xsi:schemaLocation="http://datex2.eu/schema/2/2_0 ../AustrianUnplannedEventsProfile.xsd">
  <exchange>
    <supplierIdentification>
      <country>at</country>
      <nationalIdentifier>ASFINAG</nationalIdentifier>
    </supplierIdentification>
  </exchange>
  <payloadPublication xsi:type="SituationPublication" lang="de-at">
    <publicationTime>2017-04-13T09:00:00</publicationTime>
    <publicationCreator>
      <country>at</country>
      <nationalIdentifier>ASFINAG</nationalIdentifier>
    </publicationCreator>
    <payloadPublicationExtension>
      <payloadPublicationExtended>
        <!--Extension to provide information about the main language and the offered translations of the text content in the traffic message-->
        <languageInfo>
          <mainLanguage>de-at</mainLanguage>
          <translation>en</translation>
        </languageInfo>
      </payloadPublicationExtended>
    </payloadPublicationExtension>
    <situation id="GUID-SIT-1000010000" version="1">
      <situationVersionTime>2017-04-13T09:00:00</situationVersionTime>
      <headerInformation>
        <confidentiality>noRestriction</confidentiality>
        <informationStatus>real</informationStatus>
        <urgency>normalUrgency</urgency>
      </headerInformation>
      <situationRecord xsi:type="Accident" id="e4fb3fad-d8a2-470f-8f20-ac72a60cda46" version="1">
        <situationRecordCreationTime>2017-04-13T09:00:00</situationRecordCreationTime>
        <situationRecordObservationTime>2017-04-13T09:00:00</situationRecordObservationTime>
        <situationRecordVersionTime>2017-04-13T09:00:00</situationRecordVersionTime>
        <probabilityOfOccurrence>certain</probabilityOfOccurrence>
        <validity>
          <validityStatus>definedByValidityTimeSpec</validityStatus>
          <validityTimeSpecification>
            <overallStartTime>2017-04-13T09:00:00</overallStartTime>
            <overallEndTime>2017-04-13T10:00:00</overallEndTime>
          </validityTimeSpecification>
        </validity>
        <impact>
          <numberOfLanesRestricted>2</numberOfLanesRestricted>
          <numberOfOperationalLanes>0</numberOfOperationalLanes>
          <originalNumberOfLanes>2</originalNumberOfLanes>
          <trafficConstrictionType>carriagewayBlocked</trafficConstrictionType>
          <delays>
            <delayTimeValue>1000</delayTimeValue>
          </delays>
        </impact>
        <urlLink>
          <urlLinkAddress>http://www.asfinag.at/news</urlLinkAddress>
        </urlLink>
        <!--EventLocation-->
        <groupOfLocations xsi:type="Linear">
          <supplementaryPositionalDescription>
            <affectedCarriagewayAndLanes>
              <carriageway>mainCarriageway</carriageway>
              <!--Lane. This information should be used in conjuction with the Impact container, where the status of the lane(s) is provided-->
              <lane>lane1</lane>
            </affectedCarriagewayAndLanes>
          </supplementaryPositionalDescription>
          <alertCLinear xsi:type="AlertCMethod4Linear">
            <alertCLocationCountryCode>10</alertCLocationCountryCode>
            <alertCLocationTableNumber>1</alertCLocationTableNumber>
            <alertCLocationTableVersion>3.1</alertCLocationTableVersion>
            <alertCDirection>
              <alertCDirectionCoded>negative</alertCDirectionCoded>
            </alertCDirection>
            <alertCMethod4PrimaryPointLocation>
              <alertCLocation>
                <specificLocation>31217</specificLocation>
              </alertCLocation>
              <offsetDistance>
                <offsetDistance>3079</offsetDistance>
              </offsetDistance>
            </alertCMethod4PrimaryPointLocation>
            <alertCMethod4SecondaryPointLocation>
              <alertCLocation>
                <specificLocation>31218</specificLocation>
              </alertCLocation>
              <offsetDistance>
                <offsetDistance>2494</offsetDistance>
              </offsetDistance>
            </alertCMethod4SecondaryPointLocation>
          </alertCLinear>
          <linearExtension>
            <extendedLinear>
              <linearByCoordinates>
                <roadNumber>A02</roadNumber>
                <start>
                  <latitude>47.7292747</latitude>
                  <longitude>16.1530418</longitude>
                </start>
                <end>
                  <latitude>47.759903</latitude>
                  <longitude>16.20098</longitude>
                </end>
              </linearByCoordinates>
            </extendedLinear>
            <extendedLinearForGipLink>
              <gipLinkLinearLocationReference version="1612" name="gipat_1612_linknetz_hotfix">
                <gipLink index="1">
                  <gipLink>
                    <linkId>48383838</linkId>
                    <linkPercentageFrom>
                      <percentageDistanceAlong>1</percentageDistanceAlong>
                    </linkPercentageFrom>
                    <linkPercentageTo>
                      <percentageDistanceAlong>100</percentageDistanceAlong>
                    </linkPercentageTo>
                    <referenceDirection>fromTo</referenceDirection>
                  </gipLink>
                </gipLink>
                <gipLink index="2">
                  <gipLink>
                    <linkId>48383839</linkId>
                    <linkPercentageFrom>
                      <percentageDistanceAlong>1.6</percentageDistanceAlong>
                    </linkPercentageFrom>
                    <linkPercentageTo>
                      <percentageDistanceAlong>100</percentageDistanceAlong>
                    </linkPercentageTo>
                    <referenceDirection>fromTo</referenceDirection>
                  </gipLink>
                </gipLink>
              </gipLinkLinearLocationReference>
            </extendedLinearForGipLink>
          </linearExtension>
        </groupOfLocations>
        <situationRecordExtension>
          <situationRecordExtended>
            <!--Extension to provide affected modes of transport-->
            <affectedModesOfTransport>
              <affectedMode>allMotorizedTraffic</affectedMode>
            </affectedModesOfTransport>
            <!--Extension to provide event codes-->
            <additionalInformationRelatedToEvent>
              <eventTypeInfo>
                <alertCEventCode>205</alertCEventCode>
              </eventTypeInfo>
            </additionalInformationRelatedToEvent>
          </situationRecordExtended>
        </situationRecordExtension>
        <accidentType>accidentInvolvingHazardousMaterials</accidentType>
      </situationRecord>
      <!--A seperate situation record of type ReroutingManagement to provide the detour information-->
      <situationRecord xsi:type="ReroutingManagement" id="e4fb3fad-d8a2-470f-8f20-ad72a60cda44" version="1">
        <situationRecordCreationTime>2017-04-13T09:00:00</situationRecordCreationTime>
        <situationRecordObservationTime>2017-04-13T09:00:00</situationRecordObservationTime>
        <situationRecordVersionTime>2017-04-13T09:00:00</situationRecordVersionTime>
        <probabilityOfOccurrence>certain</probabilityOfOccurrence>
        <validity>
          <validityStatus>definedByValidityTimeSpec</validityStatus>
          <validityTimeSpecification>
            <overallStartTime>2017-04-13T09:00:00</overallStartTime>
            <overallEndTime>2017-04-13T11:00:00</overallEndTime>
          </validityTimeSpecification>
        </validity>
        <generalPublicComment>
          <comment>
            <values>
              <value lang="de-at">Freitext als Beschreibung der Umleitung</value>
              <value lang="en">Textual description of the rerouting</value>
            </values>
          </comment>
        </generalPublicComment>
        <urlLink>
          <urlLinkAddress>http://www.asfinag.at/news</urlLinkAddress>
        </urlLink>
        <!--Note that this is not the alternate route which the detour proposes, it is the normal route when detour is not in operation. The alternative route is provided using the alternativeRoute element-->
        <groupOfLocations xsi:type="ItineraryByIndexedLocations">
          <groupOfLocationsExtension>
            <!--Extension to provide location info such as location text and road info-->
            <groupOfLocationsExtended>
              <!--Road info-->
              <roadInfo>
                <roadNumber>A02</roadNumber>
                <roadName>
                  <values>
                    <value lang="de-at">Süd Autobahn</value>
                    <value lang="de-at">A2 Motorway</value>
                  </values>
                </roadName>
                <roadOperator>
                  ASFINAG
                </roadOperator>
                <roadSection>E.g. Section</roadSection>
              </roadInfo>
              <!--Location info-->
              <locationInfo>
                <country>at</country>
                <region>Mödling</region>
                <locationName>
                  <values>
                    <value lang="de-at">E.g. Name of the location</value>
                  </values>
                </locationName>
                <locationText>
                  <values>
                    <value lang="de-at">zwischen IZ NÖ - Süd  (km 11) und Mödling  (km 7) bei km 7</value>
                    <value lang="en">between IZ NÖ - Süd  (km 11) and Mödling  (km 7) at km 7</value>
                  </values>
                </locationText>
              </locationInfo>
            </groupOfLocationsExtended>
          </groupOfLocationsExtension>
          <!--The standard wgs84 coordinates must be provided-->
          <locationContainedInItinerary index="1">
            <location xsi:type="Point">
              <pointByCoordinates>
                <pointCoordinates>
                  <latitude>48.983737</latitude>
                  <longitude>16.636267</longitude>
                </pointCoordinates>
              </pointByCoordinates>
            </location>
          </locationContainedInItinerary>
          <locationContainedInItinerary index="2">
            <location xsi:type="Point">
              <pointByCoordinates>
                <pointCoordinates>
                  <latitude>48.953737</latitude>
                  <longitude>16.736267</longitude>
                </pointCoordinates>
              </pointByCoordinates>
            </location>
          </locationContainedInItinerary>
          <!--The corresponding gip links of the route are provided via an extension-->
          <itineraryByIndexedLocationsExtension>
            <extendedItineraryByIndexedLocationsForGipLinks>
              <gipLinkItineraryLocationReference  version="1612" name="gipat_1612_linknetz_hotfix">
                <gipLink index="1">
                  <gipLink>
                    <linkId>48383838</linkId>
                    <linkPercentageFrom>
                      <percentageDistanceAlong>0</percentageDistanceAlong>
                    </linkPercentageFrom>
                    <linkPercentageTo>
                      <percentageDistanceAlong>100</percentageDistanceAlong>
                    </linkPercentageTo>
                    <referenceDirection>fromTo</referenceDirection>
                  </gipLink>
                </gipLink>
                <gipLink index="2">
                  <gipLink>
                    <linkId>483493838</linkId>
                    <linkPercentageFrom>
                      <percentageDistanceAlong>0</percentageDistanceAlong>
                    </linkPercentageFrom>
                    <linkPercentageTo>
                      <percentageDistanceAlong>100</percentageDistanceAlong>
                    </linkPercentageTo>
                    <referenceDirection>fromTo</referenceDirection>
                  </gipLink>
                </gipLink>
                <gipLink index="3">
                  <gipLink>
                    <linkId>4594383838</linkId>
                    <linkPercentageFrom>
                      <percentageDistanceAlong>0</percentageDistanceAlong>
                    </linkPercentageFrom>
                    <linkPercentageTo>
                      <percentageDistanceAlong>100</percentageDistanceAlong>
                    </linkPercentageTo>
                    <referenceDirection>fromTo</referenceDirection>
                  </gipLink>
                </gipLink>
              </gipLinkItineraryLocationReference>
            </extendedItineraryByIndexedLocationsForGipLinks>
          </itineraryByIndexedLocationsExtension>
        </groupOfLocations>
        <situationRecordExtension>
          <situationRecordExtended>
            <!--Extension to provide affected modes of transport-->
            <affectedModesOfTransport>
              <affectedMode>allMotorizedTraffic</affectedMode>
            </affectedModesOfTransport>
          </situationRecordExtended>
        </situationRecordExtension>
        <actionPlanIdentifier>Identifier of the traffic management plan.</actionPlanIdentifier>
        <operatorActionStatus>implemented</operatorActionStatus>
        <complianceOption>mandatory</complianceOption>
        <!--Based on onformation provided, more reroutingManagementType suchas useExit, useEntry, useIntersectionOrJunction, etc. can be provided -->
        <reroutingManagementType>followDiversionSigns</reroutingManagementType>
        <reroutingItineraryDescription>
          <values>
            <value lang="de-at">Umleitungsnummer bzw. Umleitungs‐ID, U-Nummer</value>
            <value lang="en">Rerouting number of identifier. E.g. U-Number</value>
          </values>
        </reroutingItineraryDescription>
        <signedRerouting>true</signedRerouting>
        <!--In case when a U-number is available.-->
        <entry>The specified entry on to another road at which the alternative route commences</entry>
        <exit>The specified exit from the normal route/road at which the alternative route commences.</exit>
        <roadOrJunctionNumber>The intersecting road or the junction at which the alternative route commences.</roadOrJunctionNumber>

        <!--The alternative route-->
        <alternativeRoute xsi:type="ItineraryByIndexedLocations">
          <locationContainedInItinerary index="1">
            <location xsi:type="Point">
              <pointByCoordinates>
                <pointCoordinates>
                  <latitude>48.84848</latitude>
                  <longitude>16.636267</longitude>
                </pointCoordinates>
              </pointByCoordinates>
            </location>
          </locationContainedInItinerary>
          <locationContainedInItinerary index="2">
            <location xsi:type="Point">
              <pointByCoordinates>
                <pointCoordinates>
                  <latitude>48.848484</latitude>
                  <longitude>16.736267</longitude>
                </pointCoordinates>
              </pointByCoordinates>
            </location>
          </locationContainedInItinerary>
          <itineraryByIndexedLocationsExtension>
            <extendedItineraryByIndexedLocationsForGipLinks>
              <gipLinkItineraryLocationReference version="1612" name="gipat_1612_linknetz_hotfix">
                <gipLink index="1">
                  <gipLink>
                    <linkId>5854839</linkId>
                    <linkPercentageFrom>
                      <percentageDistanceAlong>0</percentageDistanceAlong>
                    </linkPercentageFrom>
                    <linkPercentageTo>
                      <percentageDistanceAlong>100</percentageDistanceAlong>
                    </linkPercentageTo>
                    <referenceDirection>fromTo</referenceDirection>
                  </gipLink>
                </gipLink>
                <gipLink index="2">
                  <gipLink>
                    <linkId>4949494</linkId>
                    <linkPercentageFrom>
                      <percentageDistanceAlong>0</percentageDistanceAlong>
                    </linkPercentageFrom>
                    <linkPercentageTo>
                      <percentageDistanceAlong>100</percentageDistanceAlong>
                    </linkPercentageTo>
                    <referenceDirection>fromTo</referenceDirection>
                  </gipLink>
                </gipLink>
                <gipLink index="3">
                  <gipLink>
                    <linkId>9494949</linkId>
                    <linkPercentageFrom>
                      <percentageDistanceAlong>0</percentageDistanceAlong>
                    </linkPercentageFrom>
                    <linkPercentageTo>
                      <percentageDistanceAlong>100</percentageDistanceAlong>
                    </linkPercentageTo>
                    <referenceDirection>fromTo</referenceDirection>
                  </gipLink>
                </gipLink>
              </gipLinkItineraryLocationReference>
            </extendedItineraryByIndexedLocationsForGipLinks>
          </itineraryByIndexedLocationsExtension>
        </alternativeRoute>
        <!--Further alternative routes can also be added-->
      </situationRecord>
    </situation>
  </payloadPublication>
</d2LogicalModel>