﻿<?xml version="1.0" encoding="utf-8"?>
<!--
      
-->
<d2LogicalModel modelBaseVersion="2" xmlns="http://datex2.eu/schema/2/2_0" xmlns:xsi="http://www.w3.org/2001/XMLSchema-instance" xsi:schemaLocation="http://datex2.eu/schema/2/2_0 ../AustrianUnplannedEventsProfile.xsd">
  <exchange>
    <supplierIdentification>
      <country>at</country>
      <nationalIdentifier>ASFINAG</nationalIdentifier>
    </supplierIdentification>
  </exchange>
  <payloadPublication xsi:type="SituationPublication" lang="de-at">
    <publicationTime>2017-04-13T09:00:00</publicationTime>
    <publicationCreator>
      <country>at</country>
      <nationalIdentifier>ASFINAG</nationalIdentifier>
    </publicationCreator>
    <payloadPublicationExtension>
      <payloadPublicationExtended>
        <!--Extension to provide information about the main language and the offered translations of the text content in the traffic message-->
        <languageInfo>
          <mainLanguage>de-at</mainLanguage>
          <translation>en</translation>
        </languageInfo>
      </payloadPublicationExtended>
    </payloadPublicationExtension>
    <situation id="999999" version="8">
      <!--Related situation if any-->
      <relatedSituation id="Related-Situation-Id" version="Related-Situation-Version" targetClass="Situation"/>
      <headerInformation>
        <confidentiality>noRestriction</confidentiality>
        <informationStatus>real</informationStatus>
      </headerInformation>
      <situationRecord xsi:type="Accident" id="999999_105_1" version="8">
        <situationRecordCreationTime>2017-10-12T08:13:23+02:00</situationRecordCreationTime>
        <situationRecordVersionTime>2017-10-12T09:21:52+02:00</situationRecordVersionTime>
        <probabilityOfOccurrence>certain</probabilityOfOccurrence>
        <validity>
          <validityStatus>definedByValidityTimeSpec</validityStatus>
          <validityTimeSpecification>
            <overallStartTime>2017-10-12T08:13:23+02:00</overallStartTime>
            <overallEndTime>2017-10-12T11:21:52+02:00</overallEndTime>
          </validityTimeSpecification>
        </validity>
        <generalPublicComment>
          <comment>
            <values>
              <value lang="de-at">A02 bei km 200 Mooskirchen, Unfall</value>
              <value lang="en">On A02 km 200 Mooskirchen, Accident</value>
            </values>
          </comment>
        </generalPublicComment>
        <groupOfLocations xsi:type="Point">
          <groupOfLocationsExtension>
            <!--Extension to provide location info such as location text and road info-->
            <groupOfLocationsExtended>
              <!--Road info-->
              <roadInfo>
                <roadNumber>A02</roadNumber>
                <roadName>
                  <values>
                    <value lang="de-at">Süd Autobahn</value>
                    <value lang="de-at">A2 Motorway</value>
                  </values>
                </roadName>
                <roadOperator>
                  ASFINAG
                </roadOperator>
                <roadSection>E.g. Section</roadSection>
              </roadInfo>
              <!--Location info-->
              <locationInfo>
                <country>at</country>
                <region>Mödling</region>
                <locationName>
                  <values>
                    <value lang="de-at">E.g. Name of the location</value>
                  </values>
                </locationName>
                <locationText>
                  <values>
                    <value lang="de-at">A02 bei km 200, Mooskirchen</value>
                    <value lang="en">>On A02 km 200, Mooskirchen</value>
                  </values>
                </locationText>
              </locationInfo>
            </groupOfLocationsExtended>
          </groupOfLocationsExtension>
          <alertCPoint xsi:type="AlertCMethod4Point">
            <alertCLocationCountryCode>10</alertCLocationCountryCode>
            <alertCLocationTableNumber>1</alertCLocationTableNumber>
            <alertCLocationTableVersion>3.1</alertCLocationTableVersion>
            <alertCDirection>
              <alertCDirectionCoded>negative</alertCDirectionCoded>
            </alertCDirection>
            <alertCMethod4PrimaryPointLocation>
              <alertCLocation>
                <specificLocation>32500</specificLocation>
              </alertCLocation>
              <offsetDistance>
                <offsetDistance>2885</offsetDistance>
              </offsetDistance>
            </alertCMethod4PrimaryPointLocation>
          </alertCPoint>
          <pointByCoordinates>
            <pointCoordinates>
              <latitude>46.9799126</latitude>
              <longitude>15.2768242</longitude>
            </pointCoordinates>
          </pointByCoordinates>
          <pointExtension>
            <extendedPointForGipLink>
              <gipLinkPointLocationReference version="1612" name="gipat_1612_linknetz_hotfix">
                <gipLink index="1">
                  <gipLink>
                    <linkId>461000734</linkId>
                    <linkPercentageFrom>
                      <percentageDistanceAlong>2.4</percentageDistanceAlong>
                    </linkPercentageFrom>
                    <linkPercentageTo>
                      <percentageDistanceAlong>2.5</percentageDistanceAlong>
                    </linkPercentageTo>
                    <referenceDirection>fromTo</referenceDirection>
                  </gipLink>
                </gipLink>
              </gipLinkPointLocationReference>
            </extendedPointForGipLink>
          </pointExtension>
        </groupOfLocations>
        <situationRecordExtension>
          <situationRecordExtended>   
            <!--Extension to provide affected modes of transport-->
            <affectedModesOfTransport>
              <affectedMode>allMotorizedTraffic</affectedMode>
            </affectedModesOfTransport>
            <!--Extension to provide event codes-->
            <additionalInformationRelatedToEvent>
              <eventTypeInfo>
                <alertCEventCode>201</alertCEventCode>
              </eventTypeInfo>
            </additionalInformationRelatedToEvent>       
          </situationRecordExtended>
        </situationRecordExtension>
        <accidentType>accident</accidentType>
      </situationRecord>
    </situation>
  </payloadPublication>
</d2LogicalModel>