<?xml version="1.0" encoding="UTF-8"?>
<d2LogicalModel xmlns="http://datex2.eu/schema/2/2_0"
 xmlns:xsi="http://www.w3.org/2001/XMLSchema-instance"
 xsi:schemaLocation="http://datex2.eu/schema/2/2_0 TollPublication.xsd" modelBaseVersion="2">
    <exchange>
        <supplierIdentification>
            <country>at</country>
            <nationalIdentifier>ASFINAG</nationalIdentifier>
        </supplierIdentification>
    </exchange>
    <payloadPublication xsi:type="GenericPublication" lang="de">
        <publicationTime>2015-05-04T18:13:51.0</publicationTime>
        <publicationCreator>
            <country>at</country>
            <nationalIdentifier>ASFINAG</nationalIdentifier>
        </publicationCreator>
        <genericPublicationName>TollPublication</genericPublicationName>
        <genericPublicationExtension>
            <tollPublication>
                <tollBooth>
                    <tollBoothName>
                        <values>
                            <value lang="de">A9 Pyhrnautobahn</value>
                        </values>
                    </tollBoothName>
                    <point>
                        <pointByCoordinates>
                            <pointCoordinates>
                                <!-- random test values -->
                                <latitude>50.754432</latitude>
                                <longitude>6.020665</longitude>
                            </pointCoordinates>
                        </pointByCoordinates>
                    </point>
                    
                    <!-- the id should be unique identifier "in time and space". This type of id is referenced in subTollRoutes and tollRouteReferenceYearTicket -->
                    <tollRoute id="639D5E85-BD93-4CF6-A80A-C1DCC78ECE8D" version="1">
                        <tollRouteDescription>
                            <values>
                                <value lang="de">A 9 Pyhrnautobahn / Gesamt</value>
                            </values>
                        </tollRouteDescription>
                        <lengthAffected>15000</lengthAffected>
                        <subTollRoutes targetClass="TollRoute" id="7A7F0893-BF83-46C5-93DF-017B2726A62D" version="1"/>
                        <subTollRoutes targetClass="TollRoute" id="6724A31E-A8D0-42D5-AE2A-1004EA2235BC" version="1"/>
                        <tollRouteReferenceYearTicket targetClass="TollRoute" id="6724A31E-A8D0-42D5-AE2A-1004EA2235BC" version="1"/>
                        <tariffsAndPayment>
                            <lastUpdated>2015-01-01T09:00:00.0</lastUpdated>
                            <chargeBand id="4EACDFB4-323F-4689-8E50-B039D43450DF" version="1">
                                <chargeCurrency>eur</chargeCurrency>
                                <charge>
                                    <charge>13.5</charge>
                                    <chargeTypeDescription>
                                        <values>
                                            <value lang="de">Einzeltarif</value>
                                        </values>
                                    </chargeTypeDescription>
                                    <maxIterationsOfCharge>2</maxIterationsOfCharge>
                                </charge>
                                <charge>
                                    <charge>100</charge>
                                    <chargeInterval>31536000</chargeInterval> 
                                    <chargeTypeDescription>
                                        <values>
                                            <value lang="de">Jahrestarif</value>
                                        </values>
                                    </chargeTypeDescription>
                                </charge>
                                <charge>
                                    <charge>60</charge>
                                    <chargeInterval>31536000</chargeInterval>                                     
                                    <chargeTypeDescription>
                                        <values>
                                            <value lang="de">Vignetten Jahrestarif</value>
                                        </values>
                                    </chargeTypeDescription>
                                </charge>
                            </chargeBand>
                            <acceptedPaymentCards>
                                <paymentCards>creditCard</paymentCards>
                                <paymentCards>fleetCard</paymentCards>
                                <paymentCardBrands>visa</paymentCardBrands>
                                <otherPaymentCardBrands>DKV Select</otherPaymentCardBrands>
                            </acceptedPaymentCards>
                        </tariffsAndPayment>
                    </tollRoute>
                </tollBooth>
            </tollPublication>
        </genericPublicationExtension>
    </payloadPublication>
 </d2LogicalModel>
