<?xml version="1.0" encoding="UTF-8"?>
<ns:d2LogicalModel xmlns:ns="http://datex2.eu/schema/2/2_0"
  xmlns:xsi="http://www.w3.org/2001/XMLSchema-instance"
  xsi:schemaLocation="http://datex2.eu/schema/2/2_0 DATEX_II-Profile_ITP-EU-compliant_Dynamic_ASFINAG.xsd" modelBaseVersion="2">
  <ns:exchange>
    <ns:supplierIdentification>
      <ns:country>at</ns:country>
      <ns:nationalIdentifier>ASFINAG</ns:nationalIdentifier>
    </ns:supplierIdentification>
  </ns:exchange>
  <ns:payloadPublication d2p1:type="ns:GenericPublication" lang="de-at" xmlns:d2p1="http://www.w3.org/2001/XMLSchema-instance">
    <ns:publicationTime>2015-03-31T12:54:23.5686215+02:00</ns:publicationTime>
    <ns:publicationCreator>
      <ns:country>at</ns:country>
      <ns:nationalIdentifier>ASFINAG</ns:nationalIdentifier>
    </ns:publicationCreator>
    <ns:genericPublicationName>ParkingStatusPublication</ns:genericPublicationName>
    <ns:genericPublicationExtension>
      <ns:parkingStatusPublication>
        <ns:parkingTableReference id="bb3a43a5-fd59-45b3-8f07-841367532495" version="1" targetClass="ParkingTable" />
        <ns:headerInformation>
          <ns:confidentiality>noRestriction</ns:confidentiality>
          <ns:informationStatus>real</ns:informationStatus>
        </ns:headerInformation>
        <ns:parkingRecordStatus d2p1:type="ns:ParkingSiteStatus">
          <ns:parkingRecordReference id="RP036" version="1" targetClass="ParkingRecord" />
          <ns:parkingStatusOriginTime>2015-03-31T12:54:23.5686215+02:00</ns:parkingStatusOriginTime>
          <ns:parkingOccupancy />
          <ns:parkingSiteStatus>spacesAvailable</ns:parkingSiteStatus>
          <ns:parkingSiteOpeningStatus>statusUnknown</ns:parkingSiteOpeningStatus>
        </ns:parkingRecordStatus>
        <ns:parkingRecordStatus d2p1:type="ns:ParkingSiteStatus">
          <ns:parkingRecordReference id="RP064" version="1" targetClass="ParkingRecord" />
          <ns:parkingStatusOriginTime>2015-03-31T12:54:23.5686215+02:00</ns:parkingStatusOriginTime>
          <ns:parkingOccupancy />
          <ns:parkingSiteStatus>spacesAvailable</ns:parkingSiteStatus>
          <ns:parkingSiteOpeningStatus>statusUnknown</ns:parkingSiteOpeningStatus>
        </ns:parkingRecordStatus>
        <ns:parkingRecordStatus d2p1:type="ns:ParkingSiteStatus">
          <ns:parkingRecordReference id="RP010" version="1" targetClass="ParkingRecord" />
          <ns:parkingStatusOriginTime>2015-03-31T12:54:23.5686215+02:00</ns:parkingStatusOriginTime>
          <ns:parkingOccupancy />
          <ns:parkingSiteStatus>spacesAvailable</ns:parkingSiteStatus>
          <ns:parkingSiteOpeningStatus>statusUnknown</ns:parkingSiteOpeningStatus>
        </ns:parkingRecordStatus>
        <ns:parkingRecordStatus d2p1:type="ns:ParkingSiteStatus">
          <ns:parkingRecordReference id="RP001" version="1" targetClass="ParkingRecord" />
          <ns:parkingStatusOriginTime>2015-03-31T12:54:23.5686215+02:00</ns:parkingStatusOriginTime>
          <ns:parkingOccupancy />
          <ns:parkingSiteStatus>spacesAvailable</ns:parkingSiteStatus>
          <ns:parkingSiteOpeningStatus>statusUnknown</ns:parkingSiteOpeningStatus>
        </ns:parkingRecordStatus>
        <ns:parkingRecordStatus d2p1:type="ns:ParkingSiteStatus">
          <ns:parkingRecordReference id="RS003" version="1" targetClass="ParkingRecord" />
          <ns:parkingStatusOriginTime>2015-03-31T12:54:23.5686215+02:00</ns:parkingStatusOriginTime>
          <ns:parkingOccupancy />
          <ns:parkingSiteStatus>spacesAvailable</ns:parkingSiteStatus>
          <ns:parkingSiteOpeningStatus>statusUnknown</ns:parkingSiteOpeningStatus>
        </ns:parkingRecordStatus>
        <ns:parkingRecordStatus d2p1:type="ns:ParkingSiteStatus">
          <ns:parkingRecordReference id="RS054" version="1" targetClass="ParkingRecord" />
          <ns:parkingStatusOriginTime>2015-03-31T12:54:23.5686215+02:00</ns:parkingStatusOriginTime>
          <ns:parkingOccupancy />
          <ns:parkingSiteStatus>spacesAvailable</ns:parkingSiteStatus>
          <ns:parkingSiteOpeningStatus>statusUnknown</ns:parkingSiteOpeningStatus>
        </ns:parkingRecordStatus>
        <ns:parkingRecordStatus d2p1:type="ns:ParkingSiteStatus">
          <ns:parkingRecordReference id="RP057" version="1" targetClass="ParkingRecord" />
          <ns:parkingStatusOriginTime>2015-03-31T12:54:23.5686215+02:00</ns:parkingStatusOriginTime>
          <ns:parkingOccupancy />
          <ns:parkingSiteStatus>spacesAvailable</ns:parkingSiteStatus>
          <ns:parkingSiteOpeningStatus>statusUnknown</ns:parkingSiteOpeningStatus>
        </ns:parkingRecordStatus>
        <ns:parkingRecordStatus d2p1:type="ns:ParkingSiteStatus">
          <ns:parkingRecordReference id="RP095" version="1" targetClass="ParkingRecord" />
          <ns:parkingStatusOriginTime>2015-03-31T12:54:23.5686215+02:00</ns:parkingStatusOriginTime>
          <ns:parkingOccupancy />
          <ns:parkingSiteStatus>spacesAvailable</ns:parkingSiteStatus>
          <ns:parkingSiteOpeningStatus>statusUnknown</ns:parkingSiteOpeningStatus>
        </ns:parkingRecordStatus>
        <ns:parkingRecordStatus d2p1:type="ns:ParkingSiteStatus">
          <ns:parkingRecordReference id="RP094" version="1" targetClass="ParkingRecord" />
          <ns:parkingStatusOriginTime>2015-03-31T12:54:23.5686215+02:00</ns:parkingStatusOriginTime>
          <ns:parkingOccupancy />
          <ns:parkingSiteStatus>spacesAvailable</ns:parkingSiteStatus>
          <ns:parkingSiteOpeningStatus>statusUnknown</ns:parkingSiteOpeningStatus>
        </ns:parkingRecordStatus>
        <ns:parkingRecordStatus d2p1:type="ns:ParkingSiteStatus">
          <ns:parkingRecordReference id="PP160" version="1" targetClass="ParkingRecord" />
          <ns:parkingStatusOriginTime>2015-03-31T12:54:23.5686215+02:00</ns:parkingStatusOriginTime>
          <ns:parkingOccupancy />
          <ns:parkingSiteStatus>full</ns:parkingSiteStatus>
          <ns:parkingSiteOpeningStatus>statusUnknown</ns:parkingSiteOpeningStatus>
        </ns:parkingRecordStatus>
        <ns:parkingRecordStatus d2p1:type="ns:ParkingSiteStatus">
          <ns:parkingRecordReference id="RS042" version="1" targetClass="ParkingRecord" />
          <ns:parkingStatusOriginTime>2015-03-31T12:54:23.5686215+02:00</ns:parkingStatusOriginTime>
          <ns:parkingOccupancy />
          <ns:parkingSiteStatus>spacesAvailable</ns:parkingSiteStatus>
          <ns:parkingSiteOpeningStatus>statusUnknown</ns:parkingSiteOpeningStatus>
        </ns:parkingRecordStatus>
        <ns:parkingRecordStatus d2p1:type="ns:ParkingSiteStatus">
          <ns:parkingRecordReference id="RP046" version="1" targetClass="ParkingRecord" />
          <ns:parkingStatusOriginTime>2015-03-31T12:54:23.5686215+02:00</ns:parkingStatusOriginTime>
          <ns:parkingOccupancy />
          <ns:parkingSiteStatus>spacesAvailable</ns:parkingSiteStatus>
          <ns:parkingSiteOpeningStatus>statusUnknown</ns:parkingSiteOpeningStatus>
        </ns:parkingRecordStatus>
        <ns:parkingRecordStatus d2p1:type="ns:ParkingSiteStatus">
          <ns:parkingRecordReference id="RS061" version="1" targetClass="ParkingRecord" />
          <ns:parkingStatusOriginTime>2015-03-31T12:54:23.5686215+02:00</ns:parkingStatusOriginTime>
          <ns:parkingOccupancy />
          <ns:parkingSiteStatus>spacesAvailable</ns:parkingSiteStatus>
          <ns:parkingSiteOpeningStatus>statusUnknown</ns:parkingSiteOpeningStatus>
        </ns:parkingRecordStatus>
        <ns:parkingRecordStatus d2p1:type="ns:ParkingSiteStatus">
          <ns:parkingRecordReference id="RS060" version="1" targetClass="ParkingRecord" />
          <ns:parkingStatusOriginTime>2015-03-31T12:54:23.5686215+02:00</ns:parkingStatusOriginTime>
          <ns:parkingOccupancy />
          <ns:parkingSiteStatus>spacesAvailable</ns:parkingSiteStatus>
          <ns:parkingSiteOpeningStatus>statusUnknown</ns:parkingSiteOpeningStatus>
        </ns:parkingRecordStatus>
        <ns:parkingRecordStatus d2p1:type="ns:ParkingSiteStatus">
          <ns:parkingRecordReference id="RP061" version="1" targetClass="ParkingRecord" />
          <ns:parkingStatusOriginTime>2015-03-31T12:54:23.5686215+02:00</ns:parkingStatusOriginTime>
          <ns:parkingOccupancy />
          <ns:parkingSiteStatus>spacesAvailable</ns:parkingSiteStatus>
          <ns:parkingSiteOpeningStatus>statusUnknown</ns:parkingSiteOpeningStatus>
        </ns:parkingRecordStatus>
        <ns:parkingRecordStatus d2p1:type="ns:ParkingSiteStatus">
          <ns:parkingRecordReference id="RS078" version="1" targetClass="ParkingRecord" />
          <ns:parkingStatusOriginTime>2015-03-31T12:54:23.5686215+02:00</ns:parkingStatusOriginTime>
          <ns:parkingOccupancy />
          <ns:parkingSiteStatus>spacesAvailable</ns:parkingSiteStatus>
          <ns:parkingSiteOpeningStatus>statusUnknown</ns:parkingSiteOpeningStatus>
        </ns:parkingRecordStatus>
      </ns:parkingStatusPublication>
    </ns:genericPublicationExtension>
  </ns:payloadPublication>
</ns:d2LogicalModel>