<?xml version="1.0" encoding="UTF-8" standalone="yes"?>
<!--
An example for decribing a protected zone in DATEX II. Uses PredefinedLocationsPublication.
-->
<d2LogicalModel xmlns:xsi="http://www.w3.org/2001/XMLSchema-instance" xmlns="http://datex2.eu/schema/2/2_0" xsi:schemaLocation="http://datex2.eu/schema/2/2_0 DATEXII-Profile_ProtectedZones_ECo-AT.xsd" modelBaseVersion="2" extensionName="DsrcProtectedZoneExtension" extensionVersion="0.1">
  <exchange>
    <supplierIdentification>
      <country>at</country>
      <nationalIdentifier>ASFINAG</nationalIdentifier>
    </supplierIdentification>
  </exchange>
  <payloadPublication xsi:type="PredefinedLocationsPublication" lang="en">
    <feedDescription>
      <values>
        <value>DSRC Protected Zones</value>
      </values>
    </feedDescription>
    <publicationTime>2015-12-04T13:00:00+02:00</publicationTime>
    <publicationCreator>
      <country>at</country>
      <nationalIdentifier>ASFINAG</nationalIdentifier>
    </publicationCreator>
    <headerInformation>
      <confidentiality>internalUse</confidentiality>
      <informationStatus>technicalExercise</informationStatus>
    </headerInformation>
    <predefinedLocationContainer xsi:type="PredefinedLocation" id="104" version="1">
      <predefinedLocationName>
        <values>
          <value>Protected zone 104</value>
        </values>
      </predefinedLocationName>
      <!--Protected zone location-->
      <location xsi:type="Area">
        <tpegAreaLocation xsi:type="TpegGeometricArea">
          <tpegAreaLocationType>other</tpegAreaLocationType>
          <radius>150</radius>
          <centrePoint>
            <latitude>48.120913</latitude>
            <longitude>16.318370</longitude>
          </centrePoint>
        </tpegAreaLocation>
      </location>
      <!--A level b extension for providing optional elements - validity and protectedZoneType-->
      <predefinedLocationExtension>
        <extendedPredefinedLocation>
          <dsrcProtectedZoneExtension>
            <protectedZoneType>cenDsrcTolling</protectedZoneType>
            <protectedZoneValidity>
              <validityStatus>definedByValidityTimeSpec</validityStatus>
              <validityTimeSpecification>
                <overallStartTime>2015-12-04T12:00:00</overallStartTime>
                <overallEndTime>2016-03-25T23:00:00</overallEndTime>
              </validityTimeSpecification>
            </protectedZoneValidity>
          </dsrcProtectedZoneExtension>
        </extendedPredefinedLocation>
      </predefinedLocationExtension>
    </predefinedLocationContainer>
  </payloadPublication>
</d2LogicalModel>