<?xml version="1.0"?>
<d2LogicalModel xmlns:xsd="http://www.w3.org/2001/XMLSchema" xmlns:xsi="http://www.w3.org/2001/XMLSchema-instance" modelBaseVersion="2" extensionName="PositionedOnLanesExtension" extensionVersion="1.0" xmlns="http://datex2.eu/schema/2/2_0">
  <exchange>
    <supplierIdentification>
      <country>at</country>
      <nationalIdentifier>ASFINAG</nationalIdentifier>
    </supplierIdentification>
  </exchange>
  <payloadPublication xsi:type="VmsPublication" lang="de-at">
    <publicationTime>2020-02-28T15:17:26+01:00</publicationTime>
    <publicationCreator>
      <country>at</country>
      <nationalIdentifier>ASFINAG</nationalIdentifier>
    </publicationCreator>
    <headerInformation>
      <confidentiality>noRestriction</confidentiality>
      <informationStatus>test</informationStatus>
    </headerInformation>
    <vmsUnit>
      <vmsUnitTableReference id="WVZ_TLS_ASFINAG" version="2.0" targetClass="VmsUnitTable" />
      <vmsUnitReference id="AQ_A01_1_173,250~Cl4_00021" version="2.0" targetClass="VmsUnitRecord" />
      <vms vmsIndex="136">
        <vms>
          <vmsWorking>true</vmsWorking>
          <vmsMessage messageIndex="0">
            <vmsMessage>
              <vmsMessageInformationType>trafficManagement</vmsMessageInformationType>
              <timeLastSet>2020-02-28T15:03:34+01:00</timeLastSet>
              <vmsPictogramDisplayArea pictogramDisplayAreaIndex="0">
                <vmsPictogramDisplayArea>
                  <vmsPictogram pictogramSequencingIndex="0">
                    <vmsPictogram>
                      <pictogramDescription>maximumSpeedLimitedToTheFigureIndicated</pictogramDescription>
                      <pictogramCode>26</pictogramCode>
                      <presenceOfRedTriangle>false</presenceOfRedTriangle>
                      <speedAttribute>80</speedAttribute>
                    </vmsPictogram>
                  </vmsPictogram>
                  <vmsPictogramDisplayAreaExtension>
                    <extendedVmsPictogramDisplayArea>
                      <positionedOnLanes>
                        <carriageway>mainCarriageway</carriageway>
                        <lane>lane1</lane>
                      </positionedOnLanes>
                    </extendedVmsPictogramDisplayArea>
                  </vmsPictogramDisplayAreaExtension>
                </vmsPictogramDisplayArea>
              </vmsPictogramDisplayArea>
            </vmsMessage>
          </vmsMessage>
        </vms>
      </vms>
      <vms vmsIndex="137">
        <vms>
          <vmsWorking>true</vmsWorking>
          <vmsMessage messageIndex="0">
            <vmsMessage>
              <vmsMessageInformationType>situationWarning</vmsMessageInformationType>
              <timeLastSet>2020-02-28T15:03:34+01:00</timeLastSet>
              <vmsPictogramDisplayArea pictogramDisplayAreaIndex="0">
                <vmsPictogramDisplayArea>
                  <vmsPictogram pictogramSequencingIndex="0">
                    <vmsPictogram>
                      <pictogramDescription>roadworks</pictogramDescription>
                      <pictogramCode>8</pictogramCode>
                      <presenceOfRedTriangle>false</presenceOfRedTriangle>
                    </vmsPictogram>
                  </vmsPictogram>
                  <vmsPictogramDisplayAreaExtension>
                    <extendedVmsPictogramDisplayArea>
                      <positionedOnLanes>
                        <carriageway>mainCarriageway</carriageway>
                        <lane>lane2</lane>
                        <lane>lane3</lane>
                      </positionedOnLanes>
                    </extendedVmsPictogramDisplayArea>
                  </vmsPictogramDisplayAreaExtension>
                </vmsPictogramDisplayArea>
              </vmsPictogramDisplayArea>
            </vmsMessage>
          </vmsMessage>
        </vms>
      </vms>
      <vms vmsIndex="138">
        <vms>
          <vmsWorking>true</vmsWorking>
          <vmsMessage messageIndex="0">
            <vmsMessage>
              <vmsMessageInformationType>trafficManagement</vmsMessageInformationType>
              <timeLastSet>2020-02-28T15:03:34+01:00</timeLastSet>
              <vmsPictogramDisplayArea pictogramDisplayAreaIndex="0">
                <vmsPictogramDisplayArea>
                  <vmsPictogram pictogramSequencingIndex="0">
                    <vmsPictogram>
                      <pictogramDescription>maximumSpeedLimitedToTheFigureIndicated</pictogramDescription>
                      <pictogramCode>26</pictogramCode>
                      <presenceOfRedTriangle>false</presenceOfRedTriangle>
                      <speedAttribute>80</speedAttribute>
                    </vmsPictogram>
                  </vmsPictogram>
                  <vmsPictogramDisplayAreaExtension>
                    <extendedVmsPictogramDisplayArea>
                      <positionedOnLanes>
                        <carriageway>mainCarriageway</carriageway>
                        <lane>lane2</lane>
                      </positionedOnLanes>
                    </extendedVmsPictogramDisplayArea>
                  </vmsPictogramDisplayAreaExtension>
                </vmsPictogramDisplayArea>
              </vmsPictogramDisplayArea>
            </vmsMessage>
          </vmsMessage>
        </vms>
      </vms>
      <vms vmsIndex="139">
        <vms>
          <vmsWorking>true</vmsWorking>
          <vmsMessage messageIndex="0">
            <vmsMessage>
              <vmsMessageInformationType>situationWarning</vmsMessageInformationType>
              <timeLastSet>2020-02-28T15:03:34+01:00</timeLastSet>
              <vmsPictogramDisplayArea pictogramDisplayAreaIndex="0">
                <vmsPictogramDisplayArea>
                  <vmsPictogram pictogramSequencingIndex="0">
                    <vmsPictogram>
                      <pictogramDescription>laneClosed</pictogramDescription>
                      <pictogramCode>111</pictogramCode>
                      <presenceOfRedTriangle>false</presenceOfRedTriangle>
                    </vmsPictogram>
                  </vmsPictogram>
                  <vmsPictogramDisplayAreaExtension>
                    <extendedVmsPictogramDisplayArea>
                      <positionedOnLanes>
                        <carriageway>mainCarriageway</carriageway>
                        <lane>lane3</lane>
                      </positionedOnLanes>
                    </extendedVmsPictogramDisplayArea>
                  </vmsPictogramDisplayAreaExtension>
                </vmsPictogramDisplayArea>
              </vmsPictogramDisplayArea>
            </vmsMessage>
          </vmsMessage>
        </vms>
      </vms>
    </vmsUnit>
    <vmsUnit>
      <vmsUnitTableReference id="WVZ_TLS_ASFINAG" version="2.0" targetClass="VmsUnitTable" />
      <vmsUnitReference id="AQ_A01_2_170,205~Cl4_00022" version="2.0" targetClass="VmsUnitRecord" />
      <vms vmsIndex="140">
        <vms>
          <vmsWorking>true</vmsWorking>
          <vmsMessage messageIndex="0">
            <vmsMessage>
              <vmsMessageInformationType>trafficManagement</vmsMessageInformationType>
              <timeLastSet>2020-02-28T15:03:34+01:00</timeLastSet>
              <vmsPictogramDisplayArea pictogramDisplayAreaIndex="0">
                <vmsPictogramDisplayArea>
                  <vmsPictogram pictogramSequencingIndex="0">
                    <vmsPictogram>
                      <pictogramDescription>maximumSpeedLimitedToTheFigureIndicated</pictogramDescription>
                      <pictogramCode>28</pictogramCode>
                      <presenceOfRedTriangle>false</presenceOfRedTriangle>
                      <speedAttribute>100</speedAttribute>
                    </vmsPictogram>
                  </vmsPictogram>
                  <vmsPictogramDisplayAreaExtension>
                    <extendedVmsPictogramDisplayArea>
                      <positionedOnLanes>
                        <carriageway>mainCarriageway</carriageway>
                        <lane>lane1</lane>
                      </positionedOnLanes>
                    </extendedVmsPictogramDisplayArea>
                  </vmsPictogramDisplayAreaExtension>
                </vmsPictogramDisplayArea>
              </vmsPictogramDisplayArea>
            </vmsMessage>
          </vmsMessage>
        </vms>
      </vms>
      <vms vmsIndex="141">
        <vms>
          <vmsWorking>true</vmsWorking>
          <vmsMessage messageIndex="0">
            <vmsMessage>
              <vmsMessageInformationType>trafficManagement</vmsMessageInformationType>
              <timeLastSet>2020-02-28T15:03:34+01:00</timeLastSet>
              <vmsPictogramDisplayArea pictogramDisplayAreaIndex="0">
                <vmsPictogramDisplayArea>
                  <vmsPictogram pictogramSequencingIndex="0">
                    <vmsPictogram>
                      <pictogramDescription>overtakingByGoodsVehiclesProhibited</pictogramDescription>
                      <pictogramCode>32</pictogramCode>
                      <presenceOfRedTriangle>false</presenceOfRedTriangle>
                      <weightAttribute>7.5</weightAttribute>
                      <vmsSupplementaryPanel>
                        <vmsSupplementaryPictogram>
                          <supplementaryPictogramDescription>restrictedToGoodsVehicles</supplementaryPictogramDescription>
                          <supplementaryPictogramCode>102</supplementaryPictogramCode>
                        </vmsSupplementaryPictogram>
                        <vmsSupplementaryText>
                          <vmsTextLine>7,5t</vmsTextLine>
                        </vmsSupplementaryText>
                      </vmsSupplementaryPanel>
                    </vmsPictogram>
                  </vmsPictogram>
                  <vmsPictogramDisplayAreaExtension>
                    <extendedVmsPictogramDisplayArea>
                      <positionedOnLanes>
                        <carriageway>mainCarriageway</carriageway>
                        <lane>lane2</lane>
                        <lane>lane3</lane>
                      </positionedOnLanes>
                    </extendedVmsPictogramDisplayArea>
                  </vmsPictogramDisplayAreaExtension>
                </vmsPictogramDisplayArea>
              </vmsPictogramDisplayArea>
            </vmsMessage>
          </vmsMessage>
        </vms>
      </vms>
      <vms vmsIndex="143">
        <vms>
          <vmsWorking>true</vmsWorking>
          <vmsMessage messageIndex="0">
            <vmsMessage>
              <vmsMessageInformationType>trafficManagement</vmsMessageInformationType>
              <timeLastSet>2020-02-28T15:03:34+01:00</timeLastSet>
              <vmsPictogramDisplayArea pictogramDisplayAreaIndex="0">
                <vmsPictogramDisplayArea>
                  <vmsPictogram pictogramSequencingIndex="0">
                    <vmsPictogram>
                      <pictogramDescription>maximumSpeedLimitedToTheFigureIndicated</pictogramDescription>
                      <pictogramCode>28</pictogramCode>
                      <presenceOfRedTriangle>false</presenceOfRedTriangle>
                      <speedAttribute>100</speedAttribute>
                    </vmsPictogram>
                  </vmsPictogram>
                  <vmsPictogramDisplayAreaExtension>
                    <extendedVmsPictogramDisplayArea>
                      <positionedOnLanes>
                        <carriageway>mainCarriageway</carriageway>
                        <lane>lane2</lane>
                      </positionedOnLanes>
                    </extendedVmsPictogramDisplayArea>
                  </vmsPictogramDisplayAreaExtension>
                </vmsPictogramDisplayArea>
              </vmsPictogramDisplayArea>
            </vmsMessage>
          </vmsMessage>
        </vms>
      </vms>
      <vms vmsIndex="144">
        <vms>
          <vmsWorking>true</vmsWorking>
          <vmsMessage messageIndex="0">
            <vmsMessage>
              <vmsMessageInformationType>trafficManagement</vmsMessageInformationType>
              <timeLastSet>2020-02-28T15:03:34+01:00</timeLastSet>
              <vmsPictogramDisplayArea pictogramDisplayAreaIndex="0">
                <vmsPictogramDisplayArea>
                  <vmsPictogram pictogramSequencingIndex="0">
                    <vmsPictogram>
                      <pictogramDescription>maximumSpeedLimitedToTheFigureIndicated</pictogramDescription>
                      <pictogramCode>28</pictogramCode>
                      <presenceOfRedTriangle>false</presenceOfRedTriangle>
                      <speedAttribute>100</speedAttribute>
                    </vmsPictogram>
                  </vmsPictogram>
                  <vmsPictogramDisplayAreaExtension>
                    <extendedVmsPictogramDisplayArea>
                      <positionedOnLanes>
                        <carriageway>mainCarriageway</carriageway>
                        <lane>lane3</lane>
                      </positionedOnLanes>
                    </extendedVmsPictogramDisplayArea>
                  </vmsPictogramDisplayAreaExtension>
                </vmsPictogramDisplayArea>
              </vmsPictogramDisplayArea>
            </vmsMessage>
          </vmsMessage>
        </vms>
      </vms>
      <vms vmsIndex="145">
        <vms>
          <vmsWorking>true</vmsWorking>
          <vmsMessage messageIndex="0">
            <vmsMessage>
              <vmsMessageInformationType>trafficManagement</vmsMessageInformationType>
              <timeLastSet>2020-02-28T15:03:34+01:00</timeLastSet>
              <vmsPictogramDisplayArea pictogramDisplayAreaIndex="0">
                <vmsPictogramDisplayArea>
                  <vmsPictogram pictogramSequencingIndex="0">
                    <vmsPictogram>
                      <pictogramDescription>maximumSpeedLimitedToTheFigureIndicated</pictogramDescription>
                      <pictogramCode>28</pictogramCode>
                      <presenceOfRedTriangle>false</presenceOfRedTriangle>
                      <speedAttribute>100</speedAttribute>
                    </vmsPictogram>
                  </vmsPictogram>
                  <vmsPictogramDisplayAreaExtension>
                    <extendedVmsPictogramDisplayArea>
                      <positionedOnLanes>
                        <carriageway>mainCarriageway</carriageway>
                        <lane>lane4</lane>
                      </positionedOnLanes>
                    </extendedVmsPictogramDisplayArea>
                  </vmsPictogramDisplayAreaExtension>
                </vmsPictogramDisplayArea>
              </vmsPictogramDisplayArea>
            </vmsMessage>
          </vmsMessage>
        </vms>
      </vms>
    </vmsUnit>
  </payloadPublication>
</d2LogicalModel>