<?xml version="1.0"?>
<d2LogicalModel xmlns:xsd="http://www.w3.org/2001/XMLSchema" xmlns:xsi="http://www.w3.org/2001/XMLSchema-instance" modelBaseVersion="2" extensionName="IVILocationExtension" extensionVersion="1.0" xmlns="http://datex2.eu/schema/2/2_0">
  <exchange>
    <supplierIdentification>
      <country>at</country>
      <nationalIdentifier>ASFINAG</nationalIdentifier>
    </supplierIdentification>
  </exchange>
  <payloadPublication xsi:type="VmsTablePublication" lang="de-at">
    <publicationTime>2020-02-28T15:17:28+01:00</publicationTime>
    <publicationCreator>
      <country>at</country>
      <nationalIdentifier>ASFINAG</nationalIdentifier>
    </publicationCreator>
    <headerInformation>
      <confidentiality>noRestriction</confidentiality>
      <informationStatus>test</informationStatus>
    </headerInformation>
    <vmsUnitTable id="WVZ_TLS_ASFINAG" version="2.0">
      <vmsUnitRecord id="AQ_A01_1_173,250~Cl4_00021" version="1">
        <vmsRecord vmsIndex="0">
          <vmsRecord>
            <vmsLocation xsi:type="Linear">
              <locationExtension>
                <extendedLocation>
                  <iviLocation>
                    <referencePosition>
                      <bearing>232</bearing>
                      <pointCoordinates>
                        <latitude>48.2022476</latitude>
                        <longitude>14.2566366</longitude>
                      </pointCoordinates>
                    </referencePosition>
                    <detectionZone>
                      <roadNumber>A01</roadNumber>
                      <start>
                        <latitude>48.2047234</latitude>
                        <longitude>14.2622356</longitude>
                      </start>
                      <intermediate index="1">
                        <pointCoordinates>
                          <latitude>48.2044754</latitude>
                          <longitude>14.2616806</longitude>
                        </pointCoordinates>
                      </intermediate>
                      <intermediate index="2">
                        <pointCoordinates>
                          <latitude>48.2042351</latitude>
                          <longitude>14.2611294</longitude>
                        </pointCoordinates>
                      </intermediate>
                      <intermediate index="3">
                        <pointCoordinates>
                          <latitude>48.2039871</latitude>
                          <longitude>14.26057</longitude>
                        </pointCoordinates>
                      </intermediate>
                      <intermediate index="4">
                        <pointCoordinates>
                          <latitude>48.20374</latitude>
                          <longitude>14.2600107</longitude>
                        </pointCoordinates>
                      </intermediate>
                      <intermediate index="5">
                        <pointCoordinates>
                          <latitude>48.20349</latitude>
                          <longitude>14.2594461</longitude>
                        </pointCoordinates>
                      </intermediate>
                      <intermediate index="6">
                        <pointCoordinates>
                          <latitude>48.2032433</latitude>
                          <longitude>14.2588882</longitude>
                        </pointCoordinates>
                      </intermediate>
                      <intermediate index="7">
                        <pointCoordinates>
                          <latitude>48.2029953</latitude>
                          <longitude>14.2583284</longitude>
                        </pointCoordinates>
                      </intermediate>
                      <intermediate index="8">
                        <pointCoordinates>
                          <latitude>48.2027473</latitude>
                          <longitude>14.2577677</longitude>
                        </pointCoordinates>
                      </intermediate>
                      <end>
                        <latitude>48.2024956</latitude>
                        <longitude>14.2571936</longitude>
                      </end>
                    </detectionZone>
                    <relevanceZone>
                      <roadNumber>A01</roadNumber>
                      <start>
                        <latitude>48.2019958</latitude>
                        <longitude>14.2560711</longitude>
                      </start>
                      <intermediate index="2">
                        <pointCoordinates>
                          <latitude>48.2017479</latitude>
                          <longitude>14.2555075</longitude>
                        </pointCoordinates>
                      </intermediate>
                      <intermediate index="3">
                        <pointCoordinates>
                          <latitude>48.2014923</latitude>
                          <longitude>14.2549353</longitude>
                        </pointCoordinates>
                      </intermediate>
                      <intermediate index="4">
                        <pointCoordinates>
                          <latitude>48.20124</latitude>
                          <longitude>14.2543879</longitude>
                        </pointCoordinates>
                      </intermediate>
                      <intermediate index="5">
                        <pointCoordinates>
                          <latitude>48.2009773</latitude>
                          <longitude>14.253829</longitude>
                        </pointCoordinates>
                      </intermediate>
                      <intermediate index="6">
                        <pointCoordinates>
                          <latitude>48.2007179</latitude>
                          <longitude>14.2532845</longitude>
                        </pointCoordinates>
                      </intermediate>
                      <intermediate index="7">
                        <pointCoordinates>
                          <latitude>48.2004547</latitude>
                          <longitude>14.2527447</longitude>
                        </pointCoordinates>
                      </intermediate>
                      <intermediate index="8">
                        <pointCoordinates>
                          <latitude>48.20019</latitude>
                          <longitude>14.252202</longitude>
                        </pointCoordinates>
                      </intermediate>
                      <intermediate index="9">
                        <pointCoordinates>
                          <latitude>48.19993</latitude>
                          <longitude>14.2516537</longitude>
                        </pointCoordinates>
                      </intermediate>
                      <intermediate index="10">
                        <pointCoordinates>
                          <latitude>48.19967</latitude>
                          <longitude>14.2511091</longitude>
                        </pointCoordinates>
                      </intermediate>
                      <intermediate index="11">
                        <pointCoordinates>
                          <latitude>48.19941</latitude>
                          <longitude>14.2505722</longitude>
                        </pointCoordinates>
                      </intermediate>
                      <end>
                        <latitude>48.1991425</latitude>
                        <longitude>14.2500257</longitude>
                      </end>
                    </relevanceZone>
                  </iviLocation>
                </extendedLocation>
              </locationExtension>
              <alertCLinear xsi:type="AlertCMethod4Linear">
                <alertCLocationCountryCode>A</alertCLocationCountryCode>
                <alertCLocationTableNumber>1</alertCLocationTableNumber>
                <alertCLocationTableVersion>3.1</alertCLocationTableVersion>
                <alertCDirection>
                  <alertCDirectionCoded>negative</alertCDirectionCoded>
                </alertCDirection>
                <alertCMethod4PrimaryPointLocation>
                  <alertCLocation>
                    <specificLocation>50953</specificLocation>
                  </alertCLocation>
                  <offsetDistance>
                    <offsetDistance>474</offsetDistance>
                  </offsetDistance>
                </alertCMethod4PrimaryPointLocation>
                <alertCMethod4SecondaryPointLocation>
                  <alertCLocation>
                    <specificLocation>32898</specificLocation>
                  </alertCLocation>
                  <offsetDistance>
                    <offsetDistance>738</offsetDistance>
                  </offsetDistance>
                </alertCMethod4SecondaryPointLocation>
              </alertCLinear>
            </vmsLocation>
          </vmsRecord>
        </vmsRecord>
      </vmsUnitRecord>
      <vmsUnitRecord id="AQ_A01_2_170,205~Cl4_00022" version="1">
        <vmsRecord vmsIndex="0">
          <vmsRecord>
            <vmsLocation xsi:type="Linear">
              <locationExtension>
                <extendedLocation>
                  <iviLocation>
                    <referencePosition>
                      <bearing>245</bearing>
                      <pointCoordinates>
                        <latitude>48.2172928</latitude>
                        <longitude>14.2909307</longitude>
                      </pointCoordinates>
                    </referencePosition>
                    <detectionZone>
                      <roadNumber>A01</roadNumber>
                      <start>
                        <latitude>48.21476</latitude>
                        <longitude>14.2853622</longitude>
                      </start>
                      <intermediate index="1">
                        <pointCoordinates>
                          <latitude>48.2150078</latitude>
                          <longitude>14.2859259</longitude>
                        </pointCoordinates>
                      </intermediate>
                      <intermediate index="2">
                        <pointCoordinates>
                          <latitude>48.2152557</latitude>
                          <longitude>14.2864885</longitude>
                        </pointCoordinates>
                      </intermediate>
                      <intermediate index="3">
                        <pointCoordinates>
                          <latitude>48.2155075</latitude>
                          <longitude>14.2870588</longitude>
                        </pointCoordinates>
                      </intermediate>
                      <intermediate index="4">
                        <pointCoordinates>
                          <latitude>48.2157555</latitude>
                          <longitude>14.2876225</longitude>
                        </pointCoordinates>
                      </intermediate>
                      <intermediate index="5">
                        <pointCoordinates>
                          <latitude>48.2160034</latitude>
                          <longitude>14.28818</longitude>
                        </pointCoordinates>
                      </intermediate>
                      <intermediate index="6">
                        <pointCoordinates>
                          <latitude>48.2162552</latitude>
                          <longitude>14.2887335</longitude>
                        </pointCoordinates>
                      </intermediate>
                      <intermediate index="7">
                        <pointCoordinates>
                          <latitude>48.2165146</latitude>
                          <longitude>14.2892971</longitude>
                        </pointCoordinates>
                      </intermediate>
                      <intermediate index="8">
                        <pointCoordinates>
                          <latitude>48.216774</latitude>
                          <longitude>14.2898464</longitude>
                        </pointCoordinates>
                      </intermediate>
                      <end>
                        <latitude>48.2170334</latitude>
                        <longitude>14.290391</longitude>
                      </end>
                    </detectionZone>
                    <relevanceZone>
                      <roadNumber>A01</roadNumber>
                      <start>
                        <latitude>48.21756</latitude>
                        <longitude>14.2914848</longitude>
                      </start>
                      <intermediate index="2">
                        <pointCoordinates>
                          <latitude>48.217823</latitude>
                          <longitude>14.2920322</longitude>
                        </pointCoordinates>
                      </intermediate>
                      <intermediate index="3">
                        <pointCoordinates>
                          <latitude>48.2180824</latitude>
                          <longitude>14.2925673</longitude>
                        </pointCoordinates>
                      </intermediate>
                      <intermediate index="4">
                        <pointCoordinates>
                          <latitude>48.2183456</latitude>
                          <longitude>14.2931175</longitude>
                        </pointCoordinates>
                      </intermediate>
                      <intermediate index="5">
                        <pointCoordinates>
                          <latitude>48.21861</latitude>
                          <longitude>14.2936678</longitude>
                        </pointCoordinates>
                      </intermediate>
                      <intermediate index="6">
                        <pointCoordinates>
                          <latitude>48.2188721</latitude>
                          <longitude>14.2942123</longitude>
                        </pointCoordinates>
                      </intermediate>
                      <intermediate index="7">
                        <pointCoordinates>
                          <latitude>48.2191353</latitude>
                          <longitude>14.29476</longitude>
                        </pointCoordinates>
                      </intermediate>
                      <intermediate index="8">
                        <pointCoordinates>
                          <latitude>48.2194</latitude>
                          <longitude>14.2953024</longitude>
                        </pointCoordinates>
                      </intermediate>
                      <intermediate index="9">
                        <pointCoordinates>
                          <latitude>48.21966</latitude>
                          <longitude>14.2958555</longitude>
                        </pointCoordinates>
                      </intermediate>
                      <intermediate index="10">
                        <pointCoordinates>
                          <latitude>48.2199249</latitude>
                          <longitude>14.296402</longitude>
                        </pointCoordinates>
                      </intermediate>
                      <intermediate index="11">
                        <pointCoordinates>
                          <latitude>48.22019</latitude>
                          <longitude>14.2969446</longitude>
                        </pointCoordinates>
                      </intermediate>
                      <intermediate index="12">
                        <pointCoordinates>
                          <latitude>48.2204475</latitude>
                          <longitude>14.2974834</longitude>
                        </pointCoordinates>
                      </intermediate>
                      <intermediate index="13">
                        <pointCoordinates>
                          <latitude>48.2207146</latitude>
                          <longitude>14.2980366</longitude>
                        </pointCoordinates>
                      </intermediate>
                      <intermediate index="14">
                        <pointCoordinates>
                          <latitude>48.22098</latitude>
                          <longitude>14.298583</longitude>
                        </pointCoordinates>
                      </intermediate>
                      <intermediate index="15">
                        <pointCoordinates>
                          <latitude>48.2212448</latitude>
                          <longitude>14.2991266</longitude>
                        </pointCoordinates>
                      </intermediate>
                      <intermediate index="16">
                        <pointCoordinates>
                          <latitude>48.2215042</latitude>
                          <longitude>14.2996683</longitude>
                        </pointCoordinates>
                      </intermediate>
                      <intermediate index="17">
                        <pointCoordinates>
                          <latitude>48.2217674</latitude>
                          <longitude>14.3002129</longitude>
                        </pointCoordinates>
                      </intermediate>
                      <intermediate index="18">
                        <pointCoordinates>
                          <latitude>48.22203</latitude>
                          <longitude>14.3007565</longitude>
                        </pointCoordinates>
                      </intermediate>
                      <intermediate index="19">
                        <pointCoordinates>
                          <latitude>48.22229</latitude>
                          <longitude>14.301302</longitude>
                        </pointCoordinates>
                      </intermediate>
                      <intermediate index="20">
                        <pointCoordinates>
                          <latitude>48.2225571</latitude>
                          <longitude>14.3018522</longitude>
                        </pointCoordinates>
                      </intermediate>
                      <intermediate index="21">
                        <pointCoordinates>
                          <latitude>48.2228165</latitude>
                          <longitude>14.3024006</longitude>
                        </pointCoordinates>
                      </intermediate>
                      <intermediate index="22">
                        <pointCoordinates>
                          <latitude>48.22308</latitude>
                          <longitude>14.302948</longitude>
                        </pointCoordinates>
                      </intermediate>
                      <intermediate index="23">
                        <pointCoordinates>
                          <latitude>48.2233429</latitude>
                          <longitude>14.3034954</longitude>
                        </pointCoordinates>
                      </intermediate>
                      <intermediate index="24">
                        <pointCoordinates>
                          <latitude>48.2236023</latitude>
                          <longitude>14.3040361</longitude>
                        </pointCoordinates>
                      </intermediate>
                      <intermediate index="25">
                        <pointCoordinates>
                          <latitude>48.22387</latitude>
                          <longitude>14.3045835</longitude>
                        </pointCoordinates>
                      </intermediate>
                      <intermediate index="26">
                        <pointCoordinates>
                          <latitude>48.22413</latitude>
                          <longitude>14.3051224</longitude>
                        </pointCoordinates>
                      </intermediate>
                      <intermediate index="27">
                        <pointCoordinates>
                          <latitude>48.2243958</latitude>
                          <longitude>14.3056688</longitude>
                        </pointCoordinates>
                      </intermediate>
                      <intermediate index="28">
                        <pointCoordinates>
                          <latitude>48.2246552</latitude>
                          <longitude>14.3062124</longitude>
                        </pointCoordinates>
                      </intermediate>
                      <intermediate index="29">
                        <pointCoordinates>
                          <latitude>48.2249146</latitude>
                          <longitude>14.3067532</longitude>
                        </pointCoordinates>
                      </intermediate>
                      <intermediate index="30">
                        <pointCoordinates>
                          <latitude>48.2251778</latitude>
                          <longitude>14.3072977</longitude>
                        </pointCoordinates>
                      </intermediate>
                      <intermediate index="31">
                        <pointCoordinates>
                          <latitude>48.22544</latitude>
                          <longitude>14.3078432</longitude>
                        </pointCoordinates>
                      </intermediate>
                      <intermediate index="32">
                        <pointCoordinates>
                          <latitude>48.2257</latitude>
                          <longitude>14.3083887</longitude>
                        </pointCoordinates>
                      </intermediate>
                      <intermediate index="33">
                        <pointCoordinates>
                          <latitude>48.2259636</latitude>
                          <longitude>14.3089342</longitude>
                        </pointCoordinates>
                      </intermediate>
                      <intermediate index="34">
                        <pointCoordinates>
                          <latitude>48.2262268</latitude>
                          <longitude>14.3094769</longitude>
                        </pointCoordinates>
                      </intermediate>
                      <intermediate index="35">
                        <pointCoordinates>
                          <latitude>48.2264862</latitude>
                          <longitude>14.3100166</longitude>
                        </pointCoordinates>
                      </intermediate>
                      <intermediate index="36">
                        <pointCoordinates>
                          <latitude>48.22675</latitude>
                          <longitude>14.310565</longitude>
                        </pointCoordinates>
                      </intermediate>
                      <intermediate index="37">
                        <pointCoordinates>
                          <latitude>48.22701</latitude>
                          <longitude>14.3111076</longitude>
                        </pointCoordinates>
                      </intermediate>
                      <intermediate index="38">
                        <pointCoordinates>
                          <latitude>48.22727</latitude>
                          <longitude>14.31165</longitude>
                        </pointCoordinates>
                      </intermediate>
                      <intermediate index="39">
                        <pointCoordinates>
                          <latitude>48.22753</latitude>
                          <longitude>14.3121939</longitude>
                        </pointCoordinates>
                      </intermediate>
                      <end>
                        <latitude>48.2277946</latitude>
                        <longitude>14.31274</longitude>
                      </end>
                    </relevanceZone>
                  </iviLocation>
                </extendedLocation>
              </locationExtension>
              <alertCLinear xsi:type="AlertCMethod4Linear">
                <alertCLocationCountryCode>A</alertCLocationCountryCode>
                <alertCLocationTableNumber>1</alertCLocationTableNumber>
                <alertCLocationTableVersion>3.1</alertCLocationTableVersion>
                <alertCDirection>
                  <alertCDirectionCoded>positive</alertCDirectionCoded>
                </alertCDirection>
                <alertCMethod4PrimaryPointLocation>
                  <alertCLocation>
                    <specificLocation>32407</specificLocation>
                  </alertCLocation>
                  <offsetDistance>
                    <offsetDistance>486</offsetDistance>
                  </offsetDistance>
                </alertCMethod4PrimaryPointLocation>
                <alertCMethod4SecondaryPointLocation>
                  <alertCLocation>
                    <specificLocation>32896</specificLocation>
                  </alertCLocation>
                  <offsetDistance>
                    <offsetDistance>793</offsetDistance>
                  </offsetDistance>
                </alertCMethod4SecondaryPointLocation>
              </alertCLinear>
            </vmsLocation>
          </vmsRecord>
        </vmsRecord>
      </vmsUnitRecord>
    </vmsUnitTable>
  </payloadPublication>
</d2LogicalModel>