<?xml version="1.0" encoding="UTF-8"?>
<d2LogicalModel xmlns="http://datex2.eu/schema/2/2_0"
    xmlns:xsi="http://www.w3.org/2001/XMLSchema-instance"
    xsi:schemaLocation="http://datex2.eu/schema/2/2_0 DynamicTrafficSignalInformation.xsd" modelBaseVersion="2">
    <exchange>
        <supplierIdentification>
            <country>de</country>
            <nationalIdentifier>DE-MDM-xxxxxxx</nationalIdentifier>
        </supplierIdentification>
    </exchange>
    <payloadPublication xsi:type="GenericPublication" lang="en-US">
        <publicationTime>2012-06-13T18:14:34.0Z</publicationTime>
        <publicationCreator>
            <country>de</country>
            <nationalIdentifier>DE-MDM-xxxxxxx</nationalIdentifier>
        </publicationCreator>
        <genericPublicationName>DynamicTrafficSignalInformation</genericPublicationName>
        <genericPublicationExtension>
            <dynamicTrafficSignalPublication>
                <staticTrafficSignalPublication targetClass="StaticTrafficSignalPublication" id="064564C5-4429-4EF8-BF06-B962D6F13A52" version="2"/>
                <trafficSignalDynamicData>
                    <trafficSignalID>FN6</trafficSignalID>
                    <trafficSignalDynamicDataTime>2013-06-13T18:12:00.0Z</trafficSignalDynamicDataTime>
                    <signalOperatingStatus>normalOperation</signalOperatingStatus>
                    <offsetToSignalControl>50</offsetToSignalControl>
                    <trafficSignalGroupDynamicData>
                        <signalGroupId>IV2</signalGroupId>
                        <signalState>go</signalState>
                        <nextSignalStates>
                            <signalBaseTime>2013-06-13T18:11:51.0Z</signalBaseTime>
                            <signalStateInformation signalStateIndex="0">
                                <signalState>wait</signalState>
                                <signalStateDuration>30</signalStateDuration>
                                <signalStateEarliestStart>265</signalStateEarliestStart>
                                <signalStateLatestEnd>370</signalStateLatestEnd>
                                <signalStatemostLikelyEnd>345</signalStatemostLikelyEnd>
                                <signalStateMostLikelyStart>285</signalStateMostLikelyStart>
                                <signalStateProbabilityEarlier>10</signalStateProbabilityEarlier>
                                <signalStateProbabilityLater>15</signalStateProbabilityLater>
                                <signalStateProbabilityLikelyEnd>80</signalStateProbabilityLikelyEnd>
                                <signalStateProbabilityLikelyStart>61</signalStateProbabilityLikelyStart>
                                <signalStateStartOffset>305</signalStateStartOffset>
                            </signalStateInformation>
                            <signalStateInformation signalStateIndex="1">
                                <signalState>go</signalState>
                                <signalStateDuration>50</signalStateDuration>
                                <signalStateEarliestStart>340</signalStateEarliestStart>
                                <signalStateLatestEnd>435</signalStateLatestEnd>
                                <signalStatemostLikelyEnd>430</signalStatemostLikelyEnd>
                                <signalStateMostLikelyStart>350</signalStateMostLikelyStart>
                                <signalStateProbabilityEarlier>80</signalStateProbabilityEarlier>
                                <signalStateProbabilityLater>80</signalStateProbabilityLater>
                                <signalStateProbabilityLikelyEnd>75</signalStateProbabilityLikelyEnd>
                                <signalStateProbabilityLikelyStart>75</signalStateProbabilityLikelyStart>
                                <signalStateStartOffset>375</signalStateStartOffset>
                            </signalStateInformation>
                        </nextSignalStates>
                    </trafficSignalGroupDynamicData>
                </trafficSignalDynamicData>
             </dynamicTrafficSignalPublication>
        </genericPublicationExtension>
    </payloadPublication>
 </d2LogicalModel>
