<?xml version="1.0" encoding="UTF-8"?>
<d2LogicalModel xmlns="http://datex2.eu/schema/2/2_0"
    xmlns:xsi="http://www.w3.org/2001/XMLSchema-instance"
    xsi:schemaLocation="http://datex2.eu/schema/2/2_0 DynamicTrafficSignalInformation.xsd" modelBaseVersion="2">
    <exchange>
        <supplierIdentification>
            <country>de</country>
            <nationalIdentifier>DE-MDM-xxxxxxx</nationalIdentifier>
        </supplierIdentification>
    </exchange>
    <payloadPublication xsi:type="GenericPublication" lang="en-US">
        <publicationTime>2012-06-13T18:14:34.0Z</publicationTime>
        <publicationCreator>
            <country>de</country>
            <nationalIdentifier>DE-MDM-xxxxxxx</nationalIdentifier>
        </publicationCreator>
        <genericPublicationName>DynamicTrafficSignalInformation</genericPublicationName>
        <genericPublicationExtension>
            <dynamicTrafficSignalPublication>
                <staticTrafficSignalPublication targetClass="StaticTrafficSignalPublication" id="064564C5-4429-4EF8-BF06-B962D6F13A52" version="2"/>
                <trafficSignalDynamicData>
                    <trafficSignalID>FN6</trafficSignalID>
                    <trafficSignalDynamicDataTime>2013-06-13T18:12:00.0Z</trafficSignalDynamicDataTime>
                    <signalOperatingStatus>normalOperation</signalOperatingStatus>
                    <offsetToSignalControl>50</offsetToSignalControl>
                    <trafficSignalGroupDynamicData>
                        <signalGroupId>IV2</signalGroupId>
                        <signalState>go</signalState>
                        <nextSignalStatesByTimeVector>
                            <signalProgramTimeVector id="994BB957-04C9-4A10-92A2-E5562B3C90E6" version="23">
                                <timeVectorSize>90</timeVectorSize>
                                <timeVectorElement second="0">
                                    <probabiltyForGo>0</probabiltyForGo>
                                </timeVectorElement>
                                <timeVectorElement second="29">
                                    <probabiltyForGo>100</probabiltyForGo>
                                </timeVectorElement>
                                <timeVectorElement second="74">
                                    <probabiltyForGo>0</probabiltyForGo>
                                </timeVectorElement>
                            </signalProgramTimeVector>
                            <signalSchedule>
                                <signalScheduleEntry scheduleEntryIndex="0">
                                    <timeVector targetClass="SignalProgramTimeVector" id="994BB957-04C9-4A10-92A2-E5562B3C90E6" version="23"/>
                                    <endOfPeriod>2012-06-13T19:30:00.0Z</endOfPeriod>
                                    <signalBaseTime>2013-06-13T18:11:51.0Z</signalBaseTime>
                                </signalScheduleEntry>
                            </signalSchedule>
                        </nextSignalStatesByTimeVector>
                    </trafficSignalGroupDynamicData>
                </trafficSignalDynamicData>
             </dynamicTrafficSignalPublication>
        </genericPublicationExtension>
    </payloadPublication>
 </d2LogicalModel>
