<?xml version="1.0" encoding="UTF-8"?>
<d2LogicalModel xmlns="http://datex2.eu/schema/2/2_0"
    xmlns:xsi="http://www.w3.org/2001/XMLSchema-instance"
    xsi:schemaLocation="http://datex2.eu/schema/2/2_0 StaticTrafficSignalInformation.xsd" modelBaseVersion="2">
    <exchange>
        <supplierIdentification>
            <country>de</country>
            <nationalIdentifier>DE-MDM-xxxxxxxx</nationalIdentifier>
        </supplierIdentification>
    </exchange>
    <payloadPublication xsi:type="GenericPublication" lang="en-us">
        <publicationTime>2012-05-01T11:12:20.0Z</publicationTime>
        <publicationCreator>
            <country>de</country>
            <nationalIdentifier>DE-MDM-xxxxxx</nationalIdentifier>
        </publicationCreator>
        <genericPublicationName>StaticIntersectionInformation</genericPublicationName>
        <genericPublicationExtension>
            <staticTrafficSignalPublication id="064564C5-4429-4EF8-BF06-B962D6F13A52" version="4">
                <trafficStream>
                    <stopLinePoint id="V501-87C">
                        <xOffsetToTrafficStream>50</xOffsetToTrafficStream>
                        <yOffsetToTrafficStream>3</yOffsetToTrafficStream>
                        <percentageDistanceAlong>57</percentageDistanceAlong>
                        <stopLineBearing>51</stopLineBearing>
                        <lanePositionOnRoadSegment>4</lanePositionOnRoadSegment>
                        <numberOfLanes>2</numberOfLanes>
                        <mainSignalGroupId>IV2</mainSignalGroupId>
                        <subSignalGroupId>IV3b</subSignalGroupId>
                        <trafficSignalId>FN6</trafficSignalId>
                        <turnAllowedWithoutSignal>false</turnAllowedWithoutSignal>
                        <pointCoordinates>
                            <latitude>1.23456</latitude>
                            <longitude>1.23456</longitude>
                        </pointCoordinates>
                    </stopLinePoint>
                     <linear>
                        <alertCLinear xsi:type="AlertCMethod4Linear">
                            <alertCLocationCountryCode>D</alertCLocationCountryCode>
                            <alertCLocationTableNumber>1</alertCLocationTableNumber>
                            <alertCLocationTableVersion>11.0</alertCLocationTableVersion>
                            <alertCDirection>
                                <alertCDirectionCoded>positive</alertCDirectionCoded>
                            </alertCDirection>
                            <alertCMethod4PrimaryPointLocation>
                                <alertCLocation>
                                    <specificLocation>1234</specificLocation>
                                </alertCLocation>
                                <offsetDistance>
                                    <offsetDistance>354</offsetDistance>
                                </offsetDistance>
                            </alertCMethod4PrimaryPointLocation>
                            <alertCMethod4SecondaryPointLocation>
                                <alertCLocation>
                                    <specificLocation>12345</specificLocation>
                                </alertCLocation>
                                <offsetDistance>
                                    <offsetDistance>450</offsetDistance>
                                </offsetDistance>
                            </alertCMethod4SecondaryPointLocation>
                        </alertCLinear>
                    </linear>
                </trafficStream>
            </staticTrafficSignalPublication>
        </genericPublicationExtension>    
    </payloadPublication>
</d2LogicalModel>