<?xml version="1.0" encoding="UTF-8"?>
<d2LogicalModel xmlns="http://datex2.eu/schema/2/2_0"
 xmlns:xsi="http://www.w3.org/2001/XMLSchema-instance"
 xsi:schemaLocation="http://datex2.eu/schema/2/2_0 TrafficSignalQueueInformation.xsd" modelBaseVersion="2" extensionName="TrafficSignalInformation" extensionVersion="00-04-00">
    <exchange>
        <supplierIdentification>
            <country>de</country>
            <nationalIdentifier>DE-MDM-xxxxxxx</nationalIdentifier>
        </supplierIdentification>
    </exchange>
    <payloadPublication xsi:type="GenericPublication" lang="en-US">
        <publicationTime>2012-06-13T18:14:34.0Z</publicationTime>
        <publicationCreator>
            <country>de</country>
            <nationalIdentifier>DE-MDM-xxxxxxx</nationalIdentifier>
        </publicationCreator>
        <genericPublicationName>DynamicTrafficSignalInformation</genericPublicationName>
        <genericPublicationExtension>
            <trafficSignalQueuePublication>
                <queueInformationValidityTime>2012-10-05T12:00:00.0Z</queueInformationValidityTime>
                <staticTrafficSignalPublication targetClass="StaticTrafficSignalPublication" id="064564C5-4429-4EF8-BF06-B962D6F13A52" version="4"/>
                <queueInformation stopLinePoint="V501-87C" delay="100" offsetTime="15" queueLength="125" />
                <queueInformation stopLinePoint="V500-84C" delay="90" queueLength="100" />
            </trafficSignalQueuePublication>
        </genericPublicationExtension>
    </payloadPublication>
</d2LogicalModel>
