<?xml version="1.0" encoding="UTF-8"?>
<!-- 
   <Description>
      A referernce message of CAM aggregation for providing location information in DATEX II. Uses DATEX II "MeasurementSiteTablePublication". 
      The MeasurementSiteTablePublication contains one or more MeasurementSiteTable. In this example a MeasurementSiteTable indicates a R-ITS-S, and the areas (detection zones) around the R-ITS-S are represented via DATEX II 
      MeasurementSiteRecord. Each R-ITS-S may contain upto 8 detection zones, but in this example we only show two detection zones.
   </Description>
 -->
<d2LogicalModel xmlns:xsi="http://www.w3.org/2001/XMLSchema-instance" xmlns="http://datex2.eu/schema/2/2_0" xsi:schemaLocation="http://datex2.eu/schema/2/2_0 ../DATEXII-Profile_CAM_Aggregation_ECo-AT_WithDefintions.xsd" modelBaseVersion="2" extensionName="EcoAT Extension for CAM" extensionVersion="2.0">
  <exchange>
    <supplierIdentification>
      <country>at</country>
      <nationalIdentifier>ASFINAG</nationalIdentifier>
    </supplierIdentification>
  </exchange>
  <payloadPublication xsi:type="MeasurementSiteTablePublication" lang="de-at">
    <feedDescription>
      <values>
        <value>R-ITS-S Detection zones</value>
      </values>
    </feedDescription>
    <publicationTime>2015-06-25T14:00:00+01:00</publicationTime>
    <publicationCreator>
      <country>at</country>
      <nationalIdentifier>ASFINAG</nationalIdentifier>
    </publicationCreator>
    <headerInformation>
      <areaOfInterest>notSpecified</areaOfInterest>
      <confidentiality>internalUse</confidentiality>
      <informationStatus>technicalExercise</informationStatus>
    </headerInformation>
    <!--R-ITS-S identifier-->
    <measurementSiteTable id="R-ITS-S_1" version="1">
      <!--Detection zones-->

      <!--Detection zone with id 1-->
      <measurementSiteRecord id="1" version="1">
        <measurementSiteRecordVersionTime>2015-06-25T14:00:00+01:00</measurementSiteRecordVersionTime>
        <measurementSiteNumberOfLanes>2</measurementSiteNumberOfLanes>
        <measurementSide>northWestBound</measurementSide>
        <!--Location of the detection zone using rectangular method-->
        <measurementSiteLocation xsi:type="Point">
          <pointByCoordinates>
            <!--Heading (azimuth angle of the side A of the rectangle)-->
            <bearing>315</bearing>
            <!--Reference position (center of the rectangle)-->
            <pointCoordinates>
              <latitude>43.467</latitude>
              <longitude>16.167</longitude>
            </pointCoordinates>
          </pointByCoordinates>
          <!--All other additional attributes are provided using a level b extension-->
          <pointExtension>
            <camGeoAreaExtension>
              <geoArea>
                <shape>rectangular</shape>
                <!--distanceA-->
                <distA>20</distA>
                <!--distanceB-->
                <distB>10</distB>
                <toleranceAngle>10</toleranceAngle>
              </geoArea>
            </camGeoAreaExtension>
          </pointExtension>
        </measurementSiteLocation>
        <!--A level b extension for indicating if the R-ITS-S is self-configured or configured by the C-ITS-S-->
        <measurementSiteRecordExtension>
          <measurementSiteRecordExtended>
            <selfConfigured>false</selfConfigured>
          </measurementSiteRecordExtended>
        </measurementSiteRecordExtension>
      </measurementSiteRecord>

      <!--Detection zone with id 2-->
      <measurementSiteRecord id="2" version="1">
        <measurementSiteRecordVersionTime>2015-06-25T14:00:00+01:00</measurementSiteRecordVersionTime>
        <measurementSiteNumberOfLanes>2</measurementSiteNumberOfLanes>
        <measurementSide>southEastBound</measurementSide>
        <!--Location of the detection zone using rectangular method-->
        <measurementSiteLocation xsi:type="Point">
          <pointByCoordinates>
            <!--Heading-->
            <bearing>80</bearing>
            <!--Reference position-->
            <pointCoordinates>
              <latitude>43.6584</latitude>
              <longitude>16.184</longitude>
            </pointCoordinates>
          </pointByCoordinates>
          <!--All other additional attributes are provided using a level b extension-->
          <pointExtension>
            <camGeoAreaExtension>
              <geoArea>
                <shape>circular</shape>
                <!--Sector radius-->
                <distA>20</distA>
                <toleranceAngle>10</toleranceAngle>
              </geoArea>
            </camGeoAreaExtension>
          </pointExtension>
        </measurementSiteLocation>
        <!--A level b extension for indicating if the R-ITS-S is self-configured or configured by the C-ITS-S-->
        <measurementSiteRecordExtension>
          <measurementSiteRecordExtended>
            <selfConfigured>false</selfConfigured>
          </measurementSiteRecordExtended>
        </measurementSiteRecordExtension>
      </measurementSiteRecord>
    </measurementSiteTable>
  </payloadPublication>
</d2LogicalModel>
