<?xml version="1.0" encoding="UTF-8"?>
<!-- 
   <Description>
      An example for providing CAM aggregated data in DATEX II. Uses DATEX II "MeasurementDataPublication". Data concerning only one R-ITS-S can be provided using one MeasurementDataPublication. 
      It contains a reference to the measurementSiteTable identifier defined in the CAM locations feed. Each DATEX II SiteMeasurements contains a reference to the "MeasurementSiteRecord" defined in the CAM locations feed.      
   </Description>
 -->
<d2LogicalModel xmlns:xsi="http://www.w3.org/2001/XMLSchema-instance" xmlns="http://datex2.eu/schema/2/2_0" xsi:schemaLocation="http://datex2.eu/schema/2/2_0 ../DATEXII-Profile_CAM_Aggregation_ECo-AT.xsd" modelBaseVersion="2" extensionName="ASFINAG Extensions" extensionVersion="1.0">
  <exchange>
    <supplierIdentification>
      <country>at</country>
      <nationalIdentifier>ASFINAG</nationalIdentifier>
    </supplierIdentification>
  </exchange>
  <payloadPublication xsi:type="MeasuredDataPublication" lang="en">
    <publicationTime>2015-06-25T14:00:00+01:00</publicationTime>
    <publicationCreator>
      <country>at</country>
      <nationalIdentifier>ASFINAG</nationalIdentifier>
    </publicationCreator>
    <!--Reference to the MeasurementSiteTable defined in the location feed-->
    <measurementSiteTableReference id="R-ITS-S_1" targetClass="MeasurementSiteTable" version="1"/>
    <headerInformation>
      <areaOfInterest>notSpecified</areaOfInterest>
      <confidentiality>internalUse</confidentiality>
      <informationStatus>technicalExercise</informationStatus>
    </headerInformation>
    <siteMeasurements>
      <!--Reference to the MeasurementSiteRecord defined in the location feed.-->
      <measurementSiteReference id="1" targetClass="MeasurementSiteRecord" version="1"/>
      <measurementTimeDefault>2015-10-06T14:00:00+02:00</measurementTimeDefault>
      <!--Speed information for vehicles that come under stationTypeGroup #1-->
      <measuredValue index="0">
        <measuredValue>
          <basicData xsi:type="TrafficSpeed">
            <!--If the collection interval is dynamic then it can be specified here-->
            <measurementOrCalculationPeriod>60</measurementOrCalculationPeriod>
            <!--camAggregationTimestamp-->
            <measurementOrCalculationTime>2015-10-06T14:00:00+02:00</measurementOrCalculationTime>
            <!--Station types/station type groups-->
            <forVehiclesWithCharacteristicsOf>
              <!--A level b extension for providing relevant Station types/station type groups to which the information corresponds to. -->
              <vehicleCharacteristicsExtension>
                <vehicleCharacteristicExtended4CAM>
                  <vehicleTypeCAM>unknown</vehicleTypeCAM>
                  <vehicleTypeCAM>motorcycle</vehicleTypeCAM>
                  <vehicleTypeCAM>passengerCar</vehicleTypeCAM>
                </vehicleCharacteristicExtended4CAM>
              </vehicleCharacteristicsExtension>
            </forVehiclesWithCharacteristicsOf>
            <!--A level b extension for providing average (time & space), min, and max speeds-->
            <trafficSpeedExtension>
              <trafficSpeedExtended>
                <additionalSpeedValues>
                  <averageSpeedTime>
                    <speed>90</speed>
                  </averageSpeedTime>
                  <maxSpeed>
                    <speed>120</speed>
                  </maxSpeed>
                  <averageSpeedSpace>
                    <speed>90</speed>
                  </averageSpeedSpace>
                  <minSpeed>
                    <speed>40</speed>
                  </minSpeed>
                </additionalSpeedValues>
              </trafficSpeedExtended>
            </trafficSpeedExtension>
          </basicData>
        </measuredValue>
      </measuredValue>
      <!--Traffic volume information for vehicles that come under stationTypeGroup #1-->
      <measuredValue index="1">
        <measuredValue>
          <!--This type should be used in order to provide traffic volume-->
          <basicData xsi:type="TrafficConcentration">
            <!--If the collection interval is dynamic then it can be specified here-->
            <measurementOrCalculationPeriod>60</measurementOrCalculationPeriod>
            <!--camAggregationTimestamp-->
            <measurementOrCalculationTime>2015-10-06T14:00:00+02:00</measurementOrCalculationTime>
            <!--Station types/station type groups-->
            <forVehiclesWithCharacteristicsOf>
              <vehicleCharacteristicsExtension>
                <vehicleCharacteristicExtended4CAM>
                  <vehicleTypeCAM>unknown</vehicleTypeCAM>
                  <vehicleTypeCAM>motorcycle</vehicleTypeCAM>
                  <vehicleTypeCAM>passengerCar</vehicleTypeCAM>
                </vehicleCharacteristicExtended4CAM>
              </vehicleCharacteristicsExtension>
            </forVehiclesWithCharacteristicsOf>
            <concentration>
              <concentrationOfVehicles>40</concentrationOfVehicles>
            </concentration>
          </basicData>
        </measuredValue>
      </measuredValue>
      <!--Traffic volume information for vehicles that come under stationTypeGroup #1, and with beamHeadlightsOn-->
      <!--In order to provide number of vehicles with "headlights on" or "daytime running lights on" or "number of vehicles with fog lights" you have to use TrafficConcentration type and set the "vehicleTypeCAM"
      to either "vehicleWithBeamHeadlightsOn" or "vehicleWithDaytimeRunningLightsOn" or "vehicleWithFogLightOn". The vehicle count can be set using "concentrationOfVehicles"-->
      <measuredValue index="2">
        <measuredValue>
          <basicData xsi:type="TrafficConcentration">
            <measurementOrCalculationPeriod>60</measurementOrCalculationPeriod>
            <measurementOrCalculationTime>2015-10-06T14:00:00+02:00</measurementOrCalculationTime>
            <forVehiclesWithCharacteristicsOf>
              <vehicleCharacteristicsExtension>
                <vehicleCharacteristicExtended4CAM>
                  <vehicleTypeCAM>unknown</vehicleTypeCAM>
                  <vehicleTypeCAM>motorcycle</vehicleTypeCAM>
                  <vehicleTypeCAM>passengerCar</vehicleTypeCAM>
                  <vehicleTypeCAM>vehicleWithBeamHeadlightsOn</vehicleTypeCAM>
                </vehicleCharacteristicExtended4CAM>
              </vehicleCharacteristicsExtension>
            </forVehiclesWithCharacteristicsOf>
            <concentration>
              <concentrationOfVehicles>40</concentrationOfVehicles>
            </concentration>
          </basicData>
        </measuredValue>
      </measuredValue>
      <!--Speed information for vehicles that come under stationTypeGroup #2-->
      <measuredValue index="3">
        <measuredValue>
          <!--This type should be used in order to provide speed values-->
          <basicData xsi:type="TrafficSpeed">
            <!--If the collection interval is dynamic then it can be specified here-->
            <measurementOrCalculationPeriod>60</measurementOrCalculationPeriod>
            <!--camAggregationTimestamp-->
            <measurementOrCalculationTime>2015-10-06T14:00:00+02:00</measurementOrCalculationTime>
            <!--Station types/station type groups-->
            <forVehiclesWithCharacteristicsOf>
              <!--A level b extension for providing relevant Station types/station type groups to which the information corresponds to. -->
              <vehicleCharacteristicsExtension>
                <vehicleCharacteristicExtended4CAM>
                  <vehicleTypeCAM>bus</vehicleTypeCAM>
                  <vehicleTypeCAM>lightTruck</vehicleTypeCAM>
                  <vehicleTypeCAM>heavyTruck</vehicleTypeCAM>
                </vehicleCharacteristicExtended4CAM>
              </vehicleCharacteristicsExtension>
            </forVehiclesWithCharacteristicsOf>
            <averageVehicleSpeed>
              <!--Kmph-->
              <speed>90</speed>
            </averageVehicleSpeed>
            <!--A level b extension for providing min and max speeds-->
            <trafficSpeedExtension>
              <trafficSpeedExtended>
                <additionalSpeedValues>
                  <averageSpeedTime>
                    <speed>90</speed>
                  </averageSpeedTime>
                  <maxSpeed>
                    <speed>120</speed>
                  </maxSpeed>
                  <averageSpeedSpace>
                    <speed>90</speed>
                  </averageSpeedSpace>
                  <minSpeed>
                    <speed>40</speed>
                  </minSpeed>
                </additionalSpeedValues>
              </trafficSpeedExtended>
            </trafficSpeedExtension>
          </basicData>
        </measuredValue>
      </measuredValue>
      <!--Traffic volume information for vehicles that come under stationTypeGroup #2-->
      <measuredValue index="4">
        <measuredValue>
          <!--This type should be used in order to provide traffic volume-->
          <basicData xsi:type="TrafficConcentration">
            <!--If the collection interval is dynamic then it can be specified here-->
            <measurementOrCalculationPeriod>60</measurementOrCalculationPeriod>
            <!--camAggregationTimestamp-->
            <measurementOrCalculationTime>2015-10-06T14:00:00+02:00</measurementOrCalculationTime>
            <!--Station types/station type groups-->
            <forVehiclesWithCharacteristicsOf>
              <vehicleCharacteristicsExtension>
                <vehicleCharacteristicExtended4CAM>
                  <vehicleTypeCAM>bus</vehicleTypeCAM>
                  <vehicleTypeCAM>lightTruck</vehicleTypeCAM>
                  <vehicleTypeCAM>heavyTruck</vehicleTypeCAM>
                </vehicleCharacteristicExtended4CAM>
              </vehicleCharacteristicsExtension>
            </forVehiclesWithCharacteristicsOf>
            <concentration>
              <concentrationOfVehicles>40</concentrationOfVehicles>
            </concentration>
          </basicData>
        </measuredValue>
      </measuredValue>
      <!--Traffic volume information for vehicles that come under stationTypeGroup #2, and with beamHeadlightsOn-->
      <measuredValue index="5">
        <measuredValue>
          <basicData xsi:type="TrafficConcentration">
            <measurementOrCalculationPeriod>60</measurementOrCalculationPeriod>
            <measurementOrCalculationTime>2015-10-06T14:00:00+02:00</measurementOrCalculationTime>
            <forVehiclesWithCharacteristicsOf>
              <vehicleCharacteristicsExtension>
                <vehicleCharacteristicExtended4CAM>
                  <vehicleTypeCAM>bus</vehicleTypeCAM>
                  <vehicleTypeCAM>lightTruck</vehicleTypeCAM>
                  <vehicleTypeCAM>heavyTruck</vehicleTypeCAM>
                  <vehicleTypeCAM>vehicleWithBeamHeadlightsOn</vehicleTypeCAM>
                </vehicleCharacteristicExtended4CAM>
              </vehicleCharacteristicsExtension>
            </forVehiclesWithCharacteristicsOf>
            <concentration>
              <concentrationOfVehicles>40</concentrationOfVehicles>
            </concentration>
          </basicData>
        </measuredValue>
      </measuredValue>
    </siteMeasurements>
  </payloadPublication>
</d2LogicalModel>
