<?xml version="1.0" encoding="UTF-8"?>
<!-- 
   <Description>
      A reference message of CAM single vehicle data in DATEX II. Uses DATEX II "ElaboratedDataPublication". For this case the location information is combined with speed information in one feed.
      The ElaboratedDataPublication contains one or more "ElaboratedData". In the "ElaboratedData" container we specify the location and speed information of an individual vehicle.
   </Description>
 -->
<d2LogicalModel xmlns:xsi="http://www.w3.org/2001/XMLSchema-instance" xmlns="http://datex2.eu/schema/2/2_0" xsi:schemaLocation="http://datex2.eu/schema/2/2_0 ../DATEXII-Profile_CAM_Aggregation_ECo-AT.xsd" modelBaseVersion="2"  extensionName="EcoAT Extensions for CAM" extensionVersion="2.0">
  <exchange>
    <supplierIdentification>
      <country>at</country>
      <nationalIdentifier>ASFINAG</nationalIdentifier>
    </supplierIdentification>
  </exchange>
  <payloadPublication xsi:type="ElaboratedDataPublication" lang="en">
    <publicationTime>2015-06-25T14:00:00+01:00</publicationTime>
    <publicationCreator>
      <country>at</country>
      <nationalIdentifier>ASFINAG</nationalIdentifier>
    </publicationCreator>
    <headerInformation>
      <areaOfInterest>notSpecified</areaOfInterest>
      <confidentiality>internalUse</confidentiality>
      <informationStatus>technicalExercise</informationStatus>
    </headerInformation>
    <elaboratedData>
      <source>
        <!--Vehicle ID-->
        <sourceIdentification>VID1</sourceIdentification>
      </source>
      <basicData xsi:type="IndividualVehicleDataValues">        
        <measurementOrCalculationTime>2015-06-25T14:00:00+01:00</measurementOrCalculationTime>
        <pertinentLocation xsi:type="Point">          
          <pointByCoordinates>
            <!--Heading-->
            <bearing>45</bearing>
            <!--Reference Position-->
            <pointCoordinates>
              <latitude>43.4</latitude>
              <longitude>16.5</longitude>
              <!--A level b extension to specify the altitude value-->
              <pointCoordinatesExtension>
                <pointCoordinatesExtended>
                  <altitude>1000</altitude>
                </pointCoordinatesExtended>
              </pointCoordinatesExtension>
            </pointCoordinates>
          </pointByCoordinates>
          <pointExtension>
          </pointExtension>
        </pertinentLocation>
        <!--Type of vehicle which sends out the data.-->
        <forVehiclesWithCharacteristicsOf>
          <vehicleCharacteristicsExtension>
            <vehicleCharacteristicExtended4CAM>
              <vehicleTypeCAM>passengerCar</vehicleTypeCAM>
            </vehicleCharacteristicExtended4CAM>
          </vehicleCharacteristicsExtension>
        </forVehiclesWithCharacteristicsOf>
        <!--Speed information in Kmph-->
        <individualVehicleSpeed>
          <speed>90</speed>
        </individualVehicleSpeed>        
      </basicData>
    </elaboratedData>
  </payloadPublication>
</d2LogicalModel>
