﻿<?xml version="1.0" encoding="utf-8"?>
<q1:d2LogicalModel xmlns:xsi="http://www.w3.org/2001/XMLSchema-instance" xsi:schemaLocation="http://datex2.eu/schema/2/2_0 DATEXII-Profile_OtherDENM_ECo-AT.xsd" modelBaseVersion="2" extensionName="ASFINAG Extensions" extensionVersion="0.1" xmlns:q1="http://datex2.eu/schema/2/2_0" >
  <q1:exchange xmlns:q1="http://datex2.eu/schema/2/2_0">
    <q1:clientIdentification>0</q1:clientIdentification>
    <q1:supplierIdentification>
      <q1:country>at</q1:country>
      <q1:nationalIdentifier>ASFINAG</q1:nationalIdentifier>
    </q1:supplierIdentification>
  </q1:exchange>
  <q1:payloadPublication xsi:type="q1:SituationPublication" lang="de-at" xmlns:xsi="http://www.w3.org/2001/XMLSchema-instance" xmlns:q1="http://datex2.eu/schema/2/2_0">
    <q1:publicationTime>2015-11-25T17:41:09.7806075+01:00</q1:publicationTime>
    <q1:publicationCreator>
      <q1:country>at</q1:country>
      <q1:nationalIdentifier>ASFINAG</q1:nationalIdentifier>
    </q1:publicationCreator>
    <q1:situation id="9999" version="1487">
      <q1:headerInformation>
        <q1:confidentiality>noRestriction</q1:confidentiality>
        <q1:informationStatus>test</q1:informationStatus>
      </q1:headerInformation>
      <q1:situationRecord xsi:type="q1:Accident" id="9999_201_1" version="1487">
        <q1:situationRecordCreationTime>2015-11-20T13:43:59+01:00</q1:situationRecordCreationTime>
        <q1:situationRecordVersionTime>2015-11-25T17:38:10+01:00</q1:situationRecordVersionTime>
        <q1:probabilityOfOccurrence>certain</q1:probabilityOfOccurrence>
        <q1:validity>
          <q1:validityStatus>definedByValidityTimeSpec</q1:validityStatus>
          <q1:validityTimeSpecification>
            <q1:overallStartTime>2015-11-25T17:38:10+01:00</q1:overallStartTime>
            <q1:overallEndTime>2015-11-25T19:38:10+01:00</q1:overallEndTime>
          </q1:validityTimeSpecification>
        </q1:validity>
        <q1:groupOfLocations xsi:type="q1:ItineraryByIndexedLocations">
          <q1:locationContainedInItinerary index="0">
            <q1:location xsi:type="q1:Point">
              <q1:pointByCoordinates>
                <q1:pointCoordinates>
                  <q1:latitude>48.146</q1:latitude>
                  <q1:longitude>16.5055</q1:longitude>
                </q1:pointCoordinates>
              </q1:pointByCoordinates>
            </q1:location>
          </q1:locationContainedInItinerary>
          <q1:locationContainedInItinerary index="1">
            <q1:location xsi:type="q1:Linear">
              <q1:alertCLinear xsi:type="q1:AlertCMethod4Linear">
                <q1:alertCLocationCountryCode>10</q1:alertCLocationCountryCode>
                <q1:alertCLocationTableNumber>1</q1:alertCLocationTableNumber>
                <q1:alertCLocationTableVersion>3.0</q1:alertCLocationTableVersion>
                <q1:alertCDirection>
                  <q1:alertCDirectionCoded>positive</q1:alertCDirectionCoded>
                </q1:alertCDirection>
                <q1:alertCMethod4PrimaryPointLocation>
                  <q1:alertCLocation>
                    <q1:specificLocation>30956</q1:specificLocation>
                  </q1:alertCLocation>
                  <q1:offsetDistance>
                    <q1:offsetDistance>3364</q1:offsetDistance>
                  </q1:offsetDistance>
                </q1:alertCMethod4PrimaryPointLocation>
                <q1:alertCMethod4SecondaryPointLocation>
                  <q1:alertCLocation>
                    <q1:specificLocation>30955</q1:specificLocation>
                  </q1:alertCLocation>
                  <q1:offsetDistance>
                    <q1:offsetDistance>1848</q1:offsetDistance>
                  </q1:offsetDistance>
                </q1:alertCMethod4SecondaryPointLocation>
              </q1:alertCLinear>
              <q1:linearExtension>
                <q1:extendedLinear>
                  <q1:linearByCoordinates>
                    <q1:roadNumber>A04</q1:roadNumber>
                    <q1:start>
                      <q1:latitude>48.1444</q1:latitude>
                      <q1:longitude>16.5119</q1:longitude>
                    </q1:start>
                    <q1:intermediate index="1">
                      <q1:pointCoordinates>
                        <q1:latitude>48.1446</q1:latitude>
                        <q1:longitude>16.5113</q1:longitude>
                      </q1:pointCoordinates>
                    </q1:intermediate>
                    <q1:intermediate index="2">
                      <q1:pointCoordinates>
                        <q1:latitude>48.1447</q1:latitude>
                        <q1:longitude>16.5107</q1:longitude>
                      </q1:pointCoordinates>
                    </q1:intermediate>
                    <q1:intermediate index="3">
                      <q1:pointCoordinates>
                        <q1:latitude>48.1449</q1:latitude>
                        <q1:longitude>16.51</q1:longitude>
                      </q1:pointCoordinates>
                    </q1:intermediate>
                    <q1:intermediate index="4">
                      <q1:pointCoordinates>
                        <q1:latitude>48.145</q1:latitude>
                        <q1:longitude>16.5094</q1:longitude>
                      </q1:pointCoordinates>
                    </q1:intermediate>
                    <q1:intermediate index="5">
                      <q1:pointCoordinates>
                        <q1:latitude>48.1452</q1:latitude>
                        <q1:longitude>16.5087</q1:longitude>
                      </q1:pointCoordinates>
                    </q1:intermediate>
                    <q1:intermediate index="6">
                      <q1:pointCoordinates>
                        <q1:latitude>48.1453</q1:latitude>
                        <q1:longitude>16.5081</q1:longitude>
                      </q1:pointCoordinates>
                    </q1:intermediate>
                    <q1:intermediate index="7">
                      <q1:pointCoordinates>
                        <q1:latitude>48.1455</q1:latitude>
                        <q1:longitude>16.5075</q1:longitude>
                      </q1:pointCoordinates>
                    </q1:intermediate>
                    <q1:intermediate index="8">
                      <q1:pointCoordinates>
                        <q1:latitude>48.1456</q1:latitude>
                        <q1:longitude>16.5069</q1:longitude>
                      </q1:pointCoordinates>
                    </q1:intermediate>
                    <q1:intermediate index="9">
                      <q1:pointCoordinates>
                        <q1:latitude>48.1458</q1:latitude>
                        <q1:longitude>16.5062</q1:longitude>
                      </q1:pointCoordinates>
                    </q1:intermediate>
                    <q1:end>
                      <q1:latitude>48.1459</q1:latitude>
                      <q1:longitude>16.5056</q1:longitude>
                    </q1:end>
                  </q1:linearByCoordinates>
                </q1:extendedLinear>
              </q1:linearExtension>
            </q1:location>
          </q1:locationContainedInItinerary>
        </q1:groupOfLocations>
        <q1:accidentType>accident</q1:accidentType>
      </q1:situationRecord>
      <q1:situationRecord xsi:type="q1:AbnormalTraffic" id="9999_101_1" version="1487">
        <q1:situationRecordCreationTime>2015-11-20T13:43:59+01:00</q1:situationRecordCreationTime>
        <q1:situationRecordVersionTime>2015-11-25T17:38:10+01:00</q1:situationRecordVersionTime>
        <q1:probabilityOfOccurrence>certain</q1:probabilityOfOccurrence>
        <q1:validity>
          <q1:validityStatus>definedByValidityTimeSpec</q1:validityStatus>
          <q1:validityTimeSpecification>
            <q1:overallStartTime>2015-11-25T17:38:10+01:00</q1:overallStartTime>
            <q1:overallEndTime>2015-11-25T19:38:10+01:00</q1:overallEndTime>
          </q1:validityTimeSpecification>
        </q1:validity>
        <q1:groupOfLocations xsi:type="q1:ItineraryByIndexedLocations">
          <q1:locationContainedInItinerary index="0">
            <q1:location xsi:type="q1:Point">
              <q1:pointByCoordinates>
                <q1:pointCoordinates>
                  <q1:latitude>48.1447</q1:latitude>
                  <q1:longitude>16.5107</q1:longitude>
                </q1:pointCoordinates>
              </q1:pointByCoordinates>
            </q1:location>
          </q1:locationContainedInItinerary>
          <q1:locationContainedInItinerary index="1">
            <q1:location xsi:type="q1:Linear">
              <q1:alertCLinear xsi:type="q1:AlertCMethod4Linear">
                <q1:alertCLocationCountryCode>10</q1:alertCLocationCountryCode>
                <q1:alertCLocationTableNumber>1</q1:alertCLocationTableNumber>
                <q1:alertCLocationTableVersion>3.0</q1:alertCLocationTableVersion>
                <q1:alertCDirection>
                  <q1:alertCDirectionCoded>positive</q1:alertCDirectionCoded>
                </q1:alertCDirection>
                <q1:alertCMethod4PrimaryPointLocation>
                  <q1:alertCLocation>
                    <q1:specificLocation>30956</q1:specificLocation>
                  </q1:alertCLocation>
                  <q1:offsetDistance>
                    <q1:offsetDistance>3364</q1:offsetDistance>
                  </q1:offsetDistance>
                </q1:alertCMethod4PrimaryPointLocation>
                <q1:alertCMethod4SecondaryPointLocation>
                  <q1:alertCLocation>
                    <q1:specificLocation>30955</q1:specificLocation>
                  </q1:alertCLocation>
                  <q1:offsetDistance>
                    <q1:offsetDistance>1848</q1:offsetDistance>
                  </q1:offsetDistance>
                </q1:alertCMethod4SecondaryPointLocation>
              </q1:alertCLinear>
              <q1:linearExtension>
                <q1:extendedLinear>
                  <q1:linearByCoordinates>
                    <q1:roadNumber>A04</q1:roadNumber>
                    <q1:start>
                      <q1:latitude>48.1429</q1:latitude>
                      <q1:longitude>16.5168</q1:longitude>
                    </q1:start>
                    <q1:intermediate index="1">
                      <q1:pointCoordinates>
                        <q1:latitude>48.1431</q1:latitude>
                        <q1:longitude>16.5162</q1:longitude>
                      </q1:pointCoordinates>
                    </q1:intermediate>
                    <q1:intermediate index="2">
                      <q1:pointCoordinates>
                        <q1:latitude>48.1433</q1:latitude>
                        <q1:longitude>16.5156</q1:longitude>
                      </q1:pointCoordinates>
                    </q1:intermediate>
                    <q1:intermediate index="3">
                      <q1:pointCoordinates>
                        <q1:latitude>48.1435</q1:latitude>
                        <q1:longitude>16.515</q1:longitude>
                      </q1:pointCoordinates>
                    </q1:intermediate>
                    <q1:intermediate index="4">
                      <q1:pointCoordinates>
                        <q1:latitude>48.1437</q1:latitude>
                        <q1:longitude>16.5144</q1:longitude>
                      </q1:pointCoordinates>
                    </q1:intermediate>
                    <q1:intermediate index="5">
                      <q1:pointCoordinates>
                        <q1:latitude>48.1439</q1:latitude>
                        <q1:longitude>16.5138</q1:longitude>
                      </q1:pointCoordinates>
                    </q1:intermediate>
                    <q1:intermediate index="6">
                      <q1:pointCoordinates>
                        <q1:latitude>48.1441</q1:latitude>
                        <q1:longitude>16.5132</q1:longitude>
                      </q1:pointCoordinates>
                    </q1:intermediate>
                    <q1:intermediate index="7">
                      <q1:pointCoordinates>
                        <q1:latitude>48.1442</q1:latitude>
                        <q1:longitude>16.5125</q1:longitude>
                      </q1:pointCoordinates>
                    </q1:intermediate>
                    <q1:intermediate index="8">
                      <q1:pointCoordinates>
                        <q1:latitude>48.1444</q1:latitude>
                        <q1:longitude>16.5119</q1:longitude>
                      </q1:pointCoordinates>
                    </q1:intermediate>
                    <q1:intermediate index="9">
                      <q1:pointCoordinates>
                        <q1:latitude>48.1446</q1:latitude>
                        <q1:longitude>16.5113</q1:longitude>
                      </q1:pointCoordinates>
                    </q1:intermediate>
                    <q1:end>
                      <q1:latitude>48.1447</q1:latitude>
                      <q1:longitude>16.5107</q1:longitude>
                    </q1:end>
                  </q1:linearByCoordinates>
                </q1:extendedLinear>
              </q1:linearExtension>
            </q1:location>
          </q1:locationContainedInItinerary>
          <q1:locationContainedInItinerary index="2">
            <q1:location xsi:type="q1:Linear">
              <q1:alertCLinear xsi:type="q1:AlertCMethod4Linear">
                <q1:alertCLocationCountryCode>10</q1:alertCLocationCountryCode>
                <q1:alertCLocationTableNumber>1</q1:alertCLocationTableNumber>
                <q1:alertCLocationTableVersion>3.0</q1:alertCLocationTableVersion>
                <q1:alertCDirection>
                  <q1:alertCDirectionCoded>positive</q1:alertCDirectionCoded>
                </q1:alertCDirection>
                <q1:alertCMethod4PrimaryPointLocation>
                  <q1:alertCLocation>
                    <q1:specificLocation>30956</q1:specificLocation>
                  </q1:alertCLocation>
                  <q1:offsetDistance>
                    <q1:offsetDistance>3364</q1:offsetDistance>
                  </q1:offsetDistance>
                </q1:alertCMethod4PrimaryPointLocation>
                <q1:alertCMethod4SecondaryPointLocation>
                  <q1:alertCLocation>
                    <q1:specificLocation>30955</q1:specificLocation>
                  </q1:alertCLocation>
                  <q1:offsetDistance>
                    <q1:offsetDistance>1848</q1:offsetDistance>
                  </q1:offsetDistance>
                </q1:alertCMethod4SecondaryPointLocation>
              </q1:alertCLinear>
              <q1:linearExtension>
                <q1:extendedLinear>
                  <q1:linearByCoordinates>
                    <q1:roadNumber>A04</q1:roadNumber>
                    <q1:start>
                      <q1:latitude>48.1447</q1:latitude>
                      <q1:longitude>16.5107</q1:longitude>
                    </q1:start>
                    <q1:intermediate index="1">
                      <q1:pointCoordinates>
                        <q1:latitude>48.1449</q1:latitude>
                        <q1:longitude>16.51</q1:longitude>
                      </q1:pointCoordinates>
                    </q1:intermediate>
                    <q1:intermediate index="2">
                      <q1:pointCoordinates>
                        <q1:latitude>48.145</q1:latitude>
                        <q1:longitude>16.5094</q1:longitude>
                      </q1:pointCoordinates>
                    </q1:intermediate>
                    <q1:intermediate index="3">
                      <q1:pointCoordinates>
                        <q1:latitude>48.1452</q1:latitude>
                        <q1:longitude>16.5087</q1:longitude>
                      </q1:pointCoordinates>
                    </q1:intermediate>
                    <q1:intermediate index="4">
                      <q1:pointCoordinates>
                        <q1:latitude>48.1453</q1:latitude>
                        <q1:longitude>16.5081</q1:longitude>
                      </q1:pointCoordinates>
                    </q1:intermediate>
                    <q1:intermediate index="5">
                      <q1:pointCoordinates>
                        <q1:latitude>48.1455</q1:latitude>
                        <q1:longitude>16.5075</q1:longitude>
                      </q1:pointCoordinates>
                    </q1:intermediate>
                    <q1:intermediate index="6">
                      <q1:pointCoordinates>
                        <q1:latitude>48.1456</q1:latitude>
                        <q1:longitude>16.5069</q1:longitude>
                      </q1:pointCoordinates>
                    </q1:intermediate>
                    <q1:intermediate index="7">
                      <q1:pointCoordinates>
                        <q1:latitude>48.1458</q1:latitude>
                        <q1:longitude>16.5062</q1:longitude>
                      </q1:pointCoordinates>
                    </q1:intermediate>
                    <q1:end>
                      <q1:latitude>48.1459</q1:latitude>
                      <q1:longitude>16.5056</q1:longitude>
                    </q1:end>
                  </q1:linearByCoordinates>
                </q1:extendedLinear>
              </q1:linearExtension>
            </q1:location>
          </q1:locationContainedInItinerary>
        </q1:groupOfLocations>
        <q1:abnormalTrafficType>stationaryTraffic</q1:abnormalTrafficType>
        <q1:queueLength>400</q1:queueLength>
      </q1:situationRecord>
    </q1:situation>
  </q1:payloadPublication>
</q1:d2LogicalModel>